"description","statusesCount","followersCount","favoritesCount","friendsCount","url","name","created","protected","verified","screenName","location","lang","id","listedCount","followRequestSent","profileImageUrl"
"RN, 30+ years in healthcare, mother of boys, daughter, sister, friend, animal lover, humanist, feminist, fun loving, intelligent, nature lover. #TheResistance",20758,899,11155,1781,NA,"Kathryn Lowery","2013-01-29 20:43:07",FALSE,FALSE,"kloweryrehabrn","USA","en",1132086296,50,FALSE,"http://pbs.twimg.com/profile_images/3180864898/4e865a68182c6dc0d4382f44fff6559d_normal.jpeg"
"Registered Nurse, Clinical Assistant Professor at Adelphi University, College of Nursing and Public Health in Garden City, New York. Views/Comments are my own.",22112,1081,68213,588,NA,"Patricia Facquet","2011-11-04 22:02:18",FALSE,FALSE,"PatriciaFacquet","Hauppauge, New York, USA","en",405124499,85,FALSE,"http://pbs.twimg.com/profile_images/566370118561583104/9_34uYDQ_normal.jpeg"
"",14906,197,15167,433,NA,"TJ","2014-06-20 22:34:33",FALSE,FALSE,"tracydete","Minnesota, USA","en",2626885396,1,FALSE,"http://pbs.twimg.com/profile_images/947272105745375232/RKb1Qefi_normal.jpg"
"I'm adaptable. I'm interested. I think for myself....so just answer a few questions for me?",7585,210,4359,695,NA,"Kayla Hackney","2016-07-01 22:01:28",FALSE,FALSE,"1randomdaisy","Michigan, USA","en",748999989775462400,46,FALSE,"http://pbs.twimg.com/profile_images/855490545107554304/57DwL5bB_normal.jpg"
"Cellular Immunologist, Quantum Biology, Veterinarian, humanitarian / Public Health; Husband&Dad; Gates Grand Challenge Awardee and Aquarian with Insomnia<ed><U+00A0><U+00BE><ed><U+00B7><U+00A0><ed><U+00A0><U+00BD><ed><U+00B4><U+00AC><ed><U+00A0><U+00BD><ed><U+00B2><U+0089><U+2652><U+FE0F><U+269B><U+FE0F>",34030,3883,291,3677,"https://t.co/2C13by1VoI","Sunil Joshi","2015-05-31 21:39:05",FALSE,FALSE,"immunpulse","USA","en",3305027733,267,FALSE,"http://pbs.twimg.com/profile_images/922209762137296896/FDEXXydc_normal.jpg"
"Still waiting for my invitation to the White House (But I prefer a trip to the CDC) #SaveABX Antibiotic Stewardship and healthcare related filter for @manfordou",892,432,1576,358,NA,"ABX PharmD","2014-09-01 11:32:05",FALSE,FALSE,"ABXPharmD","USA","en",2783997703,6,FALSE,"http://pbs.twimg.com/profile_images/506405398044082176/T3Y8wSi5_normal.jpeg"
"",27055,110,1,53,"https://t.co/Qwigc0BQ8N","Vin","2016-04-02 16:17:22",FALSE,FALSE,"CareFrameOne","Massachusetts, USA","en",716298489664315392,166,FALSE,"http://pbs.twimg.com/profile_images/716301789721538562/1G6vfCW6_normal.jpg"
"I have no idea why I am here, but I haven’t found a reason to leave just yet...",443,35,8068,379,NA,"Kelly Bannasch","2012-09-25 11:18:21",FALSE,FALSE,"KellyBannasch","Pennsylvania, USA","en",845337061,0,FALSE,"http://pbs.twimg.com/profile_images/965926520270262272/jLyBeLP-_normal.jpg"
"",7887,54,933,153,NA,"Chona Guernsey","2011-03-01 07:24:36",FALSE,FALSE,"qihlr","California, USA","en",259154785,5,FALSE,"http://pbs.twimg.com/profile_images/730323913830334464/GhYig5Mb_normal.jpg"
"Exercise Science/Health & Wellness Promotion Professor at Saint Joseph's College of Maine",1081,81,932,70,NA,"Karen Croteau","2012-10-26 21:19:20",FALSE,FALSE,"DrKarenCroteau","Harpswell, ME USA","en",906802154,17,FALSE,"http://pbs.twimg.com/profile_images/2768230655/308bed63bb7a00480cb353ffd34ba682_normal.jpeg"
"The time is NOW to QUESTION EVERYTHING. #Nobody is telling us the #Truth about #CDCwhistleblower #VaxXed #Vaccines #GeoEngineering  #5G #SmartMeters #Agenda2030",6066,2174,3644,2031,NA,"(((Silent Spring)))","2015-04-28 07:55:49",FALSE,FALSE,"SilentSpring05","California, USA","en",3177970927,33,FALSE,"http://pbs.twimg.com/profile_images/923959090635608064/dAtGNtmz_normal.jpg"
"John C. Carter, COO of @WyanokeGroup, is all about @GoHealo, SLACK Inc., AMS and @RRCWoodbury. Views are my own.",991,462,529,488,"https://t.co/OlvEnrFoZS","John C. Carter","2009-03-30 16:51:38",FALSE,FALSE,"JohnCCarter","Thorofare New Jersey USA","en",27678632,17,FALSE,"http://pbs.twimg.com/profile_images/716358815030054912/KYbihCiW_normal.jpg"
"",40855,141712,396,22,NA,"Beltway Pundit","2012-05-17 19:48:27",FALSE,FALSE,"BeltwayPundit","Florida, USA","en",583162248,189,FALSE,"http://pbs.twimg.com/profile_images/798945980221685765/MXEWFGsT_normal.jpg"
"Entrepreneur, DoGooder, Advocate: Health, Medicine, Communications, Journalism, New & Social Media, Tech, Marketing, Seniors, Women, disABILITIES, Environment",129469,8889,13095,4674,NA,"Elin Silveous","2009-11-05 20:50:18",FALSE,FALSE,"ElinSilveous","USA","en",87779569,1627,FALSE,"http://pbs.twimg.com/profile_images/463466580052295681/GLoU2EA4_normal.jpeg"
"Public Health-Environmental Health Specialist. #Blockchain #Philosopher #EulersIdentity #RCMUPR Left-wingers say I'm RIGHT! <U+263A><U+FE0F><ed><U+00A0><U+00BC><ed><U+00B7><U+00AE><ed><U+00A0><U+00BC><ed><U+00B7><U+00B1> #DrPHstudent et al.",32533,2420,57159,825,NA,"Johel Anathema Sit","2010-04-20 18:50:38",FALSE,FALSE,"mrjohelpadilla","Puerto Rico, USA","en",135239971,112,FALSE,"http://pbs.twimg.com/profile_images/970359292044939266/t5kFDT5r_normal.jpg"
"",7887,54,933,153,NA,"Chona Guernsey","2011-03-01 07:24:36",FALSE,FALSE,"qihlr","California, USA","en",259154785,5,FALSE,"http://pbs.twimg.com/profile_images/730323913830334464/GhYig5Mb_normal.jpg"
"Worked@ / https://t.co/yhVyMIpUYU / https://t.co/qltk2oMcHY / https://t.co/Tz7pOpkle0 / https://t.co/G5kPdhM036 / https://t.co/nwDFrJiWoB / UNOFFICIAL service by retiree.",33961,843,1708,203,"https://t.co/fVAYVjvT8U","Human Service, etc. RTs","2011-05-24 15:19:06",FALSE,FALSE,"CharlyLee_PSU72","Boalsburg, Pennsylvania, USA","en",304464940,177,FALSE,"http://pbs.twimg.com/profile_images/917140743063527425/LARsp3Lp_normal.jpg"
"Infection Prevention and Control Practitioner , Registered Nurse. Statements on my Twitter account are my sole opinion.",454,15,327,41,NA,"Margie Parr","2017-02-01 01:23:57",TRUE,FALSE,"MargieParr1","Florida, USA","en",826601952847024128,0,FALSE,"http://pbs.twimg.com/profile_images/826919173708214274/SVlTUvM4_normal.jpg"
"Herbalist | Aspiring Botanist | Blogger | Photographer | Nature Lover | Foodie | Ferrant | Hippie",1417,165,31,474,"https://t.co/wQ4Wc9oGF4","Morgan Pencek","2016-08-26 01:00:44",FALSE,FALSE,"noturtypicalhip","Ohio, USA","en",768976437864960000,7,FALSE,"http://pbs.twimg.com/profile_images/885945073925464065/mmNKuvmS_normal.jpg"
"News.<ed><U+00A0><U+00BD><ed><U+00B8><U+008E> Technology, Entertainment, History, Music, Games, Science.
Sports Fan of Cowboys<ed><U+00A0><U+00BC><ed><U+00BF><U+0086><ed><U+00A0><U+00BC><ed><U+00BF><U+0086><ed><U+00A0><U+00BC><ed><U+00BF><U+0086><ed><U+00A0><U+00BC><ed><U+00BF><U+0086><ed><U+00A0><U+00BC><ed><U+00BF><U+0086>, Florida State, Florida, Miami, Brewers, Milwaukee bucks.",9798,210,201,291,NA,"JPLAY aka JPY","2011-02-17 22:59:45",FALSE,FALSE,"jphuckinplay","Wisconsin, USA","en",253770243,30,FALSE,"http://pbs.twimg.com/profile_images/892768914303856644/DkTX1Xx2_normal.jpg"
"In 3 words I can sum up everything I've learned about life : It goes on -Robert Frost",465,179,432,1150,NA,"wubbdubbs<ed><U+00A0><U+00BE><ed><U+00B4><U+0093>","2017-06-13 03:34:08",FALSE,FALSE,"WubbDubbs","New Jersey, USA","en",874469912584093696,0,FALSE,"http://pbs.twimg.com/profile_images/954895890413707264/YKiKed1q_normal.jpg"
"Digital Storyteller | Lifestyle + Motherhood + Wellness <U+270D><ed><U+00A0><U+00BC><ed><U+00BF><U+00BD> | <ed><U+00A0><U+00BD><ed><U+00B2><U+0095> <U+25B9>Green Beauty <ed><U+00A0><U+00BC><ed><U+00BC><U+00B1> <U+25B9>Travel <U+2708><U+FE0F> <U+25B9>Good Lit <ed><U+00A0><U+00BD><ed><U+00B3><U+009A>              This is the highlight reel. Real life<ed><U+00A0><U+00BD><ed><U+00B1><U+0087><ed><U+00A0><U+00BC><ed><U+00BF><U+00BD>",2558,366,837,582,"https://t.co/K6m3AEc0Vv","Kimberly Fe'Lix","2010-02-22 17:07:47",FALSE,FALSE,"Kimberly__FeLix","District of Columbia (Adjacent), USA","en",116492173,25,FALSE,"http://pbs.twimg.com/profile_images/929737632627732480/yGHgo8BV_normal.jpg"
"Morning Operations; Current Contributor to @DailyBeast and I’m a still obsessed news journalist and <ed><U+00A0><U+00BD><ed><U+00B2><U+0099>’er of coffee!",328,36,40,217,"https://t.co/bD20qpYUld","Matt Briscoe","2017-02-12 03:21:57",FALSE,FALSE,"mattbriscoenews","Texas, USA","en",830617911815397376,2,FALSE,"http://pbs.twimg.com/profile_images/967725262036234240/EOmRtZ7D_normal.jpg"
"biologist. infectious disease ecology, evolution, and epidemiology.",3351,582,2027,613,"https://t.co/piHdmvruWw","Jessie Abbate","2009-04-03 05:59:01",FALSE,FALSE,"jessieabbate","montpellier, france (& VA USA)","en",28514239,53,FALSE,"http://pbs.twimg.com/profile_images/750046838338838528/PIVgauYh_normal.jpg"
"#Father #Unsigned #wordsmith #recordingartist   #LOE  Bookings Features & ghost writing 980-833-2018 Mike B. @LOEMGMT @B_Bully @Va_Slim  @MACKAZOE #BLOWITUP #95",5525,6550,1427,2622,"https://t.co/c8RdA2koll","<ed><U+00A0><U+00BD><ed><U+00B3><U+00B6>K.E.V<ed><U+00A0><U+00BD><ed><U+00B3><U+00B6>","2012-07-04 15:20:20",FALSE,FALSE,"Mr_434","Flu-Sick USA ","en",626542786,12,FALSE,"http://pbs.twimg.com/profile_images/963274376262180865/C9GAaZHv_normal.jpg"
"If you are gnawed by conscience, beat out it teeth! And let it gently sucks round you. #Friendly #problem #solver.",4846,887,380,1806,"https://t.co/KvcPTWhQkz","NY Hex","2013-10-03 09:45:25",FALSE,FALSE,"nyhexozew","Manchester and USA","en",1930079226,97,FALSE,"http://pbs.twimg.com/profile_images/378800000547521273/10334a742cfc561b6460fc2eacc70f38_normal.jpeg"
"I can relate to any one i can allways understand and communicate cleanly to common every day. American parroits. Also being a vet myself i can relate",14302,866,2973,4303,NA,"Terry Criss","2018-01-09 04:55:19",FALSE,FALSE,"TerryCriss7","Alabama, USA","en",950591794848378880,0,FALSE,"http://abs.twimg.com/sticky/default_profile_images/default_profile_normal.png"
"A resolute voice for active, retired and prospective NFL Players.",47905,1236,5334,127,"http://t.co/lDGeQcsTCy","NFLCSFacts","2014-10-08 17:31:15",FALSE,FALSE,"NFLObjectors","USA","en",2816048001,153,FALSE,"http://pbs.twimg.com/profile_images/526093308389359616/zJ77TAjE_normal.jpeg"
"Mmm... cake! It’s me, the me I wish I could be all the time. No filter. No apologies. I need a fucking vacation.",974,52,3998,111,NA,"BatShitSean","2017-12-21 03:07:17",FALSE,FALSE,"batshitsean","Scottsdale, Arizona, USA","en",943679237625491456,0,FALSE,"http://pbs.twimg.com/profile_images/959038831407198208/thwNBdwC_normal.jpg"
"ARSENAL <U+2764><U+FE0F><U+2764><U+FE0F><U+2764><U+FE0F>",6424,958,5929,883,NA,"Gbenga","2016-01-18 20:34:46",FALSE,FALSE,"olaniyanbenga","New York, USA","en",4825340686,2,FALSE,"http://pbs.twimg.com/profile_images/917893599349665793/lroH3Tfe_normal.jpg"
"Husband. Father. Raising my children to eat #healthy while following a biblical worldview. Master Lego builder & tea party host. #HealthyEating",4419,4556,1187,3259,"https://t.co/wgdw0lcbkR","John Walsh","2015-05-08 15:44:15",FALSE,FALSE,"FatherInstructs","North Carolina, USA","en",3242083816,131,FALSE,"http://pbs.twimg.com/profile_images/763893045502681088/ONLSsBa6_normal.jpg"
"Natural Health & Beauty Care! Try the Power of Healing with our All Natural Products! Sold Online! #AllNatural #Health",343,16,12,45,"https://t.co/rb6P5NfT84","Ancient Infusions","2015-11-04 14:49:11",FALSE,FALSE,"AncientInfusion","New Jersey, USA","en",4124940080,0,FALSE,"http://pbs.twimg.com/profile_images/968294349300789248/kXpyKXw1_normal.jpg"
"Music..where it comes from, what it is, what it does..it almost can't be defined but its a good thing & when it's pure, it's a beautiful thing.  Maybe that's it",11132,9,372,12,NA,"linda switzer","2012-05-01 17:13:05",FALSE,FALSE,"bluemoonkyTW"," kentucky (ky) USA","en",568378171,0,FALSE,"http://pbs.twimg.com/profile_images/435408313790918656/C4ytWlER_normal.jpeg"
"Lifestyle & Food thephotographer4you® is a registered trademark - All Rights Reserved",110654,2139,85,2378,"https://t.co/vKTx7ZaKGS","thephotographer4you®","2007-10-19 00:49:28",FALSE,FALSE,"DRandall","Earth, USA","en",9532792,509,FALSE,"http://pbs.twimg.com/profile_images/819203824267227137/KRun0pFC_normal.jpg"
"The Georgia Coalition for Vaccine Choice, is a group of Georgians asserting their right to decide which vaccines they will take and which they will decline.",5628,374,1550,211,"https://t.co/7MEvPxyUgt","GAVaccineChoice","2017-01-11 17:30:14",FALSE,FALSE,"GAVaccineChoice","Georgia, USA","en",819234979511205888,6,FALSE,"http://pbs.twimg.com/profile_images/819238492110782470/yMbB1uXe_normal.jpg"
"100% Matching Credit up to $150 during December for first order. Over 2500 Non-GMO foods and products at https://t.co/YGA7rbKEtn",56047,4298,588,5003,"https://t.co/YGA7rbKEtn","Rocky Mtn Naturals","2016-09-19 08:59:52",FALSE,FALSE,"RkyMtnNaturals","Colorado, USA","en",777794322880077824,117,FALSE,"http://pbs.twimg.com/profile_images/829192764101361665/c6SSZ6dn_normal.jpg"
"alska is a tool to help caregivers and patients better manage care.  https://t.co/3x9lO5TbtY  https://t.co/C0EWGbVyOw",436,68,73,189,"https://t.co/5zlmYlrpk4","alska","2015-09-23 11:35:25",FALSE,FALSE,"alska_care","Minnesota, USA","en",3659095214,6,FALSE,"http://pbs.twimg.com/profile_images/646650056574038017/aiMuhGoi_normal.png"
"",353,45,514,100,"http://t.co/X3xqs4qTqj","Ofer Harel","2015-08-12 23:26:39",FALSE,FALSE,"Ofer_Harel","Connecticut, USA","en",3313841335,0,FALSE,"http://abs.twimg.com/sticky/default_profile_images/default_profile_normal.png"
"The Georgia Coalition for Vaccine Choice, is a group of Georgians asserting their right to decide which vaccines they will take and which they will decline.",5628,374,1550,211,"https://t.co/7MEvPxyUgt","GAVaccineChoice","2017-01-11 17:30:14",FALSE,FALSE,"GAVaccineChoice","Georgia, USA","en",819234979511205888,6,FALSE,"http://pbs.twimg.com/profile_images/819238492110782470/yMbB1uXe_normal.jpg"
"We are two high school students expanding our taste buds by trying new and exotics foods in culturally diverse, Southern California.",196,158,42,162,"https://t.co/ra2da5784d","Foo D Finders","2017-09-07 03:34:35",FALSE,FALSE,"FooFinders","California, USA","en",905635379641966592,1,FALSE,"http://pbs.twimg.com/profile_images/908876811362115584/5RjcOono_normal.jpg"
"Just here to ask some questions.",21465,319,27067,1005,NA,"Cory Kemp","2016-09-13 22:58:55",FALSE,FALSE,"PertinentQs","Washington, USA","en",775831150686113792,9,FALSE,"http://pbs.twimg.com/profile_images/775835899741417473/_6j7YsQ-_normal.jpg"
"Married 2 Lopaka<U+2764>kids & g-ma 2-9 little ladies
Author: The Monster in Lulus Head
Protect our National Forests or lose them 
Trump? Uhg. I can't.
US News #resist",1701,478,11262,590,NA,"Lopakalulu","2017-03-03 01:43:36",FALSE,FALSE,"GuesLori","Utah, USA","en",837478531911180288,0,FALSE,"http://pbs.twimg.com/profile_images/937689667968778240/r6mle3bq_normal.jpg"
"Grateful Mom, Wife, Lifestyle + Travel Blogger, Brand Ambassador & the voice behind Mommy Snippets: #Parenting, #Lifestyle, #Faith, #Travel, #Food #SouthTexas",29571,19629,761,11903,"https://t.co/zNbQVKr1fI","Marina John","2009-03-25 21:00:05",FALSE,FALSE,"mommysnippets","Texas, USA","en",26589876,520,FALSE,"http://pbs.twimg.com/profile_images/763136204682301440/z01mR-KL_normal.jpg"
"Slightly mental.",1435,11,572,157,NA,"delayogame","2017-05-16 23:36:05",FALSE,FALSE,"delayOgame","USA","en",864625531332853760,0,FALSE,"http://pbs.twimg.com/profile_images/864632363887640576/P4uoF1CI_normal.jpg"
"#Conservative Catholic,<ed><U+00A0><U+00BD><ed><U+00B2><U+0092> mom, grandmom, wife. Riding the #MAGA TRAIN <ed><U+00A0><U+00BD><ed><U+00BA><U+0082> Politics, Reading and Great Books #BuildTheWall #TrumpTrain #BackTheBlue <ed><U+00A0><U+00BD><ed><U+00BA><U+00AB> SHARIA LAW",20329,2214,33235,2319,NA,"Nightowl","2017-08-10 05:40:27",FALSE,FALSE,"nightOwlbookLvr","Pennsylvania, USA","en",895520196382863360,2,FALSE,"http://pbs.twimg.com/profile_images/962106841567252482/N39hfvFJ_normal.jpg"
"Retired, Conservative, Househusband, Information Junkie Followed by Gen. Flynn: Leslie Marshall: Emerald Robinson OANN:",76819,2127,5154,4201,NA,"Rddock","2016-10-03 18:43:53",FALSE,FALSE,"iamshort2015","South Carolina, USA","en",783014727903481856,75,FALSE,"http://pbs.twimg.com/profile_images/783128856400191489/NoKKSamo_normal.jpg"
"",766,14,474,41,NA,"Jay Pellegrino","2012-11-28 15:46:01",FALSE,FALSE,"JayPellegrino76","New Jersey, USA","en",976380024,0,FALSE,"http://pbs.twimg.com/profile_images/837469355717840896/wnAekEfK_normal.jpg"
"<ed><U+00A0><U+00BC><ed><U+00BE><U+0080>Michigan based Youtuber and blogger<ed><U+00A0><U+00BC><ed><U+00BE><U+0080>",5446,273,1566,265,"https://t.co/xHPTP8Uu0w","Sélah","2014-07-22 21:18:07",FALSE,FALSE,"selahhhhhhh","Michigan, USA","en",2670702439,3,FALSE,"http://pbs.twimg.com/profile_images/941077546938044416/z5ZKsZjB_normal.jpg"
"Vintage handbags seller",48621,586,11508,391,"https://t.co/pYW5L5bfu1","wanda","2015-09-29 18:35:29",FALSE,FALSE,"wandaviswa","Florida, USA","en",3817084823,1080,FALSE,"http://pbs.twimg.com/profile_images/935475699674157057/YwGRSVUX_normal.jpg"
"Groundbreaking Oral Health Product. Disposable toothbrush shield. 99.9% proven barrier against bacteria.

Facebook: https://t.co/gM8xFgnQGP",3009,4475,4648,4850,"http://t.co/jWiCBDGmDc","IntelliDent","2013-08-26 20:16:58",FALSE,FALSE,"IntelliDent1","Made in the USA","en",1702867363,83,FALSE,"http://pbs.twimg.com/profile_images/671131365606359040/8nsB43Tf_normal.jpg"
"SSE Mid-Atlantic / Enterprise @ Nutanix. | Dad. Husband. Blockchain enthusiast. OSS Advocate. Skydiver. Culinary Adventurer. Views are my own.",683,341,307,655,"http://t.co/Yv8HawUTZL","Paul Peeler","2009-03-23 15:06:35",FALSE,FALSE,"paulpeeler","Charlotte, NC - USA","en",26017336,47,FALSE,"http://pbs.twimg.com/profile_images/459329458151772160/vtINyo0Z_normal.jpeg"
"MPH, BSN",279,49,27,176,NA,"Adnan Almouazzen","2015-02-24 16:37:19",FALSE,FALSE,"AdnanAdnanrola","California, USA","en",3039953659,3,FALSE,"http://pbs.twimg.com/profile_images/887472732421607426/HkWvgiRr_normal.jpg"
"We are Treecologists providing tree care services to improve the health of your trees & shrubs. #treecare #treeservices #treetrimming #arborist #treeplanting <ed><U+00A0><U+00BC><ed><U+00BC><U+00B3>",388,451,469,427,"https://t.co/1hp3b21lwS","Leaf & Limb","2010-01-29 19:11:05",FALSE,FALSE,"LeafLimb","Raleigh, NC, USA","en",109639406,14,FALSE,"http://pbs.twimg.com/profile_images/887790711302635520/JTERXhi-_normal.jpg"
"Enterprise Security is a technology magazine that speaks about security solutions.",2186,13614,1,1694,"https://t.co/HOj2lZYo5q","EnterpriseSecurity","2016-04-19 07:04:58",FALSE,FALSE,"EPSecurityMag","California, USA","en",722320067099103232,50,FALSE,"http://pbs.twimg.com/profile_images/722322682461618177/HXiUpiZc_normal.jpg"
"TSNews is a general and entertainment news channel.
We are bringing you all the latest and most interesting news around the world.",1861,1,9,13,NA,"TSNews","2017-11-17 17:27:01",FALSE,FALSE,"TSNews05502266","New York, USA","vi",931574407167741952,0,FALSE,"http://pbs.twimg.com/profile_images/931579568737083393/Ahc7Rwem_normal.jpg"
"Mom of two beautiful kids, balancing building a business with raising a family. Join us as we celebrate!  #momblog #celebrate
https://t.co/ZnfmeP5YYF",87387,14161,558,11497,"https://t.co/ZnfmeP5YYF","Simply Mom","2016-08-08 11:38:37",FALSE,FALSE,"mommashelping","Mississippi, USA","en",762613982679138304,1204,FALSE,"http://pbs.twimg.com/profile_images/762634845260394500/qYHGGf5i_normal.jpg"
"",16151,2491,31685,2741,"https://t.co/tNN3TpIOtI","Beam <ed><U+00A0><U+00BC><ed><U+00B7><U+00BA><ed><U+00A0><U+00BC><ed><U+00B7><U+00B8>","2015-08-09 22:19:52",FALSE,FALSE,"ADeplorableBeam","USA","en",3411263883,3,FALSE,"http://pbs.twimg.com/profile_images/950886878240178177/o8g3vCl-_normal.jpg"
"Im just a hard working full time momma that is blessed. I can be at home all day long with my kids and still earn money  all from my phone. Ask me how!",8,1,0,4,NA,"FarrieBossMother","2018-03-05 00:15:34",FALSE,FALSE,"FarrieBossMoM","Virginia, USA","en",970452724440535040,0,FALSE,"http://pbs.twimg.com/profile_images/970455211188932609/ApmvRmL9_normal.jpg"
"Author, Leadership: Past, Present & Future",23970,1458,141,899,"https://t.co/gFIALcxQXM","Carlos M. Rivera","2016-01-30 03:42:30",FALSE,FALSE,"LeadershipPPF","USA","en",4833240020,76,FALSE,"http://pbs.twimg.com/profile_images/693279425790488577/VW-9MHzx_normal.jpg"
"#NonDuality;#Wholeness;#ThisIsIt;#Love;<U+262F><U+262E><U+267E><U+269B>#Existence;#NonExistence;#EveryWhere;#NoWhere;#Everything;#Nothing;Tweets Are Solely My Ego & RTs/<U+2764>s not endorsement.",7633,572,756,1719,"https://t.co/tk36jZM2eO","Robert E. Lehman","2010-05-26 10:19:52",FALSE,FALSE,"Robert_E_Lehman","Virginia - USA","en",148298309,56,FALSE,"http://pbs.twimg.com/profile_images/951800438222983168/adZbjmV0_normal.jpg"
"Love America, love life and live one day at a time",14897,699,15770,773,NA,"wendy pool","2011-02-28 23:16:45",FALSE,FALSE,"baaambi85","USA","en",258995059,4,FALSE,"http://pbs.twimg.com/profile_images/885593095047450626/oQD9N_nd_normal.jpg"
"Books Entertainment Fashion & Beauty Fitness & Wellness Food General News Lifestyle Movies News Politics US News Television",4148,34,4629,157,NA,"Ruby Butler","2017-07-30 22:53:50",FALSE,FALSE,"RubyBut62864046","Kentucky, USA","en",891793989644537856,0,FALSE,"http://abs.twimg.com/sticky/default_profile_images/default_profile_normal.png"
"CoastalMED DPC is a work in progress, a DPC IM practice concept to provide outstanding, comprehensive, individualized care for an affordable monthly fee.",262,28,458,42,NA,"CoastalMED DPC","2017-08-26 21:13:21",FALSE,FALSE,"CoastalMEDDPC","Florida, USA","en",901553173185404928,0,FALSE,"http://pbs.twimg.com/profile_images/963617390402535424/MY39f8xU_normal.jpg"
"Creekview Nurse @Creekvw_Tweets #Middierising",45,27,512,39,NA,"Nurse Kim","2017-08-16 02:20:17",FALSE,FALSE,"Nurse_Kim_","Ohio, USA","en",897644148509073408,0,FALSE,"http://pbs.twimg.com/profile_images/965939244500910081/iZ95lTS-_normal.jpg"
"X Special  Forces-Former Action Guy- Likes everything outdoors.",49462,881,28838,620,NA,"Roger L.Routh","2017-02-02 20:53:25",FALSE,FALSE,"routh_l","Oklahoma, USA","en",827258643905077248,5,FALSE,"http://pbs.twimg.com/profile_images/853955948922064896/3nD-V-rA_normal.jpg"
"Left of Liberal, Truth over Party, Hippie, Save the Planet -New Technology, Anti War & Deep State",53428,661,25799,443,NA,"Marsha Elam","2016-02-20 23:35:35",FALSE,FALSE,"marzhanel","New Mexico, USA","en",701188479305166848,42,FALSE,"http://pbs.twimg.com/profile_images/817450468708225025/UPGBTlCL_normal.jpg"
"Professional Business Services Provider and International Business Consulting for the Corporate Industry. For Visas, Expedited Passports & Intn'l Docs Services.",803,355,1020,1559,"http://t.co/R3LdPAFJ2J","Andy Smiley","2011-12-07 05:48:35",FALSE,FALSE,"AndySmiley1","USA","en",430454667,4,FALSE,"http://pbs.twimg.com/profile_images/958890621082595328/e2LGGOVD_normal.jpg"
"I love sharing and educating others what natural solutions have changed my life and how you can get started.",67,29,3,73,"https://t.co/F1G0DdOHkS","anoint with Gods creation","2018-02-04 00:28:37",FALSE,FALSE,"anointedGodscre","Pennsylvania, USA","en",959946758557192192,0,FALSE,"http://pbs.twimg.com/profile_images/959991891944267776/Td1AhmU7_normal.jpg"
"ListenGive connects #Humanity with whats important to them | #Innovation #Youth #Arts #Culture #Music #Tourism #GlobalGoals #SocialImpact | RTs <U+2260> Endorsements",28513,1654,8334,4361,"https://t.co/zoCrrSxPaW","ListenGive","2011-04-01 20:54:37",FALSE,FALSE,"listengive","USA | Europe | Asia | GLOBAL <U+2708>","en",275708863,203,FALSE,"http://pbs.twimg.com/profile_images/898554339555520512/GpSRQl0t_normal.jpg"
"white and nerdy",26,31,45,160,NA,"Larissa Keller","2018-01-13 02:39:02",FALSE,FALSE,"larissa_akeller","California, USA","en",952007049260408832,1,FALSE,"http://pbs.twimg.com/profile_images/952015000498929665/YBmvAKJv_normal.jpg"
"Lover of all things social media, content marketing, & communications. Poster of quotes that are not my own.",43694,510,2868,1609,NA,"Paul Rees","2017-04-09 21:02:50",FALSE,FALSE,"PaulRees45","Georgia, USA","en",851178612829061120,42,FALSE,"http://pbs.twimg.com/profile_images/853018833157668864/duC_Bxf0_normal.jpg"
"Search consultant - entrepreneur, strategist, start-ups, new technology ventures",40469,678,2782,1804,NA,"Steven Davidson","2017-04-09 11:25:48",FALSE,FALSE,"StevenDavidso3","California, USA","en",851033398747566080,42,FALSE,"http://pbs.twimg.com/profile_images/853007835994611713/QB25tOya_normal.jpg"
"",8,9,12,35,NA,"a.khadija","2018-01-20 23:04:25",FALSE,FALSE,"akhadija4","Florida, USA","en",954852142686392320,0,FALSE,"http://pbs.twimg.com/profile_images/954908651566792704/7qcO_o5F_normal.jpg"
"I'm just a girl living in captivity",16510,315,3179,481,NA,"Tigerlily","2015-04-13 21:06:39",FALSE,FALSE,"its_a_jungle_","USA","en",3153564774,105,FALSE,"http://pbs.twimg.com/profile_images/885583990178107396/WyBjNTha_normal.jpg"
"Dale Loberger writes about High Performance Emergency Medical Services to help improve the effectiveness of clinical care with a focus on economic efficiency.",51769,13366,16746,781,"http://t.co/OKtUEgj6Ll","High Performance EMS","2011-01-06 18:22:54",FALSE,FALSE,"hp_ems","USA","en",234844432,326,FALSE,"http://pbs.twimg.com/profile_images/931533326409715712/bwS9QCwh_normal.jpg"
"Owner of Ally+kat Blogger. Plus size girl. 
lifestyle blogger. 

<U+21A3> Ally+Kat <U+21A2>",995,317,2720,297,"https://t.co/PMr5LL3nqX","Ally+Kat","2017-06-13 05:02:10",FALSE,FALSE,"Allyvkat","Florida, USA","en",874492065589190656,2,FALSE,"http://pbs.twimg.com/profile_images/956238835880472578/olO2e7PS_normal.jpg"
"Bardy Dx® has created a new, state-of-the-art heart monitor known as Carnation Ambulatory Monitor (CAM™) that can be worn comfortably and discreetly.",859,785,261,237,"https://t.co/cX1WgXAYtf","Bardy Diagnostics","2016-10-24 15:39:58",FALSE,FALSE,"bardydx","North Carolina, USA","en",790578589280243712,2,FALSE,"http://pbs.twimg.com/profile_images/790582887397531648/LWElR6s2_normal.jpg"
"sp:@y100515 ig:@yasmin.muaaa",298,84,858,69,NA,"Yasminnn <ed><U+00A0><U+00BE><ed><U+00B5><U+0080>","2017-06-13 23:12:16",FALSE,FALSE,"yasmin_muaaa","Washington, USA","en",874766397276012544,0,FALSE,"http://pbs.twimg.com/profile_images/954050038065373184/E0YxHCCU_normal.jpg"
"<U+270D><U+FE0F> I Manage 6 Facebook Pages  And 2 Facebook Groups, One Of Which Has 780 Members. <ed><U+00A0><U+00BD><ed><U+00B3><U+009D> #BackwoodsBlogger ~ #TruthSpeak  ~ #ForTheLoveOfWriting! <U+2764><U+FE0F>",76373,5769,1926,2626,"https://t.co/GVLEUbV1vW","The Pink Meow ~=^o.o^=~","2009-06-27 04:27:12",FALSE,FALSE,"ShellyRaihala","Born In Renton, Washington State, USA, In 1963; Graduated From Renton High School, In 1981. Childhood Home Is At: 442 Burnett Avenue North.","en",51344981,414,FALSE,"http://pbs.twimg.com/profile_images/971454878600982528/pY_RVH7U_normal.jpg"
"Edu",19536,287,4133,261,NA,"NM-HUBS","2017-05-23 01:29:24",FALSE,FALSE,"glengeraghty4","Ponce, USA","en",866828376291540992,1,FALSE,"http://pbs.twimg.com/profile_images/867008375032352770/VwwEv8py_normal.jpg"
"News Reporter for @WWLP22News| Masters from @EmersonCollege| lover of the arts| be the best version of you| thoughts are my own | retweets are not endorsements",926,210,132,232,"https://t.co/hEKb6gUnbr","Ciara Speller","2016-08-24 01:00:25",FALSE,FALSE,"CiaraSpeller","Massachusetts, USA","en",768251581003292672,2,FALSE,"http://pbs.twimg.com/profile_images/893869187147452420/vUEzorX__normal.jpg"
"I'm unique, just like everyone else. Boston Red Sox fan, photography.  Trying to help protect/save animals as best I can.",6202,454,2673,924,NA,"Stewart Guilford","2017-02-27 01:57:03",FALSE,FALSE,"StewartGuilford","Maine, USA","en",836032365860376576,2,FALSE,"http://pbs.twimg.com/profile_images/940871022294831105/TKzSktsi_normal.jpg"
"Shock me, shock me, shock me with that deviant behavior!",1362,34,2562,128,NA,"Sabrina Shore","2015-05-21 17:37:53",FALSE,FALSE,"brina4892","Wisconsin, USA","en",3222562303,1,FALSE,"http://pbs.twimg.com/profile_images/944213424929730560/VutRUEbi_normal.jpg"
"1 Random follower of ours will be selected to receive a free PC signed by bill gates when we reach 1 million followers! #sweepstakes",65866,6930,8476,6490,"https://t.co/xH0mX0vlI2","USA Customers","2013-11-12 18:39:10",FALSE,FALSE,"usacustomers","USA ","en",2190845029,419,FALSE,"http://pbs.twimg.com/profile_images/480095535722803200/S4xJAkn0_normal.png"
"Naturally-minded mom of 2 perfect boys. Gluten-Free. Paleo/Primal. Crunchy living. Blogger. Youtuber.",21907,3464,15099,2182,"https://t.co/PtLl0rHkZS","Savannah","2015-07-13 09:32:28",FALSE,FALSE,"HowHesRaised","South Carolina, USA","en",3373697063,302,FALSE,"http://pbs.twimg.com/profile_images/747494652836745220/o241_4Yn_normal.jpg"
"Writer. Reviewer. Tester. Mining the web for intriguing, inspiring items re: health, food, beauty & writing.  https://t.co/XQr477VW65",6287,3504,9702,2879,NA,"Honest Tree","2016-05-27 19:20:55",FALSE,FALSE,"HonestTree1","USA","en",736276011818618880,278,FALSE,"http://pbs.twimg.com/profile_images/736353247384997888/OWslx_wv_normal.jpg"
"Blackout Coalition: https://t.co/8y3JoTsALp
Instagram: https://t.co/UFkQbPNoMQ
Facebook: https://t.co/757iXKqIbq
#BuyBlack #BankBlack",66367,5342,10789,1691,"https://t.co/cH30JFIN9U","BLACK CENTRAL™","2012-03-18 19:59:10",FALSE,FALSE,"goblackcentral","OHIO | USA | WORLDWIDE","en",528799852,170,FALSE,"http://pbs.twimg.com/profile_images/550728537523507200/1Den27cV_normal.jpeg"
"100% Trump",85074,5792,19542,5820,NA,"Richard T","2015-12-06 19:35:08",FALSE,FALSE,"Richieamx","Missouri, USA","en",4397021841,150,FALSE,"http://pbs.twimg.com/profile_images/713431969619697664/qeBS0nat_normal.jpg"
"local 3 member since 1980",69052,473,36335,485,NA,"Michael Vicario","2014-03-16 20:11:35",FALSE,FALSE,"vmike62","New York, USA","en",2416010464,1,FALSE,"http://pbs.twimg.com/profile_images/919543272128811008/Gfada6ZW_normal.jpg"
"Public servant giving maximum effort since 1993. C shift. Opinions expressed are my own. #ITMFA",2370,83,4378,504,NA,"PNWmedic","2018-01-10 18:38:24",FALSE,FALSE,"pnwmedic","Upper Left, USA","en",951161316340715520,0,FALSE,"http://pbs.twimg.com/profile_images/970118926448304129/2eOJt275_normal.jpg"
"",54,7,111,13,NA,"April Reinert","2016-08-21 02:42:11",FALSE,FALSE,"aprilehealth","Maryland, USA","en",767190030578089984,0,FALSE,"http://pbs.twimg.com/profile_images/821546879041343492/CQay5I1o_normal.jpg"
"UNLV. journal·ist. digital content producer @reviewjournal. Jayhawks. Chiefs. Royals.",23805,556,348,107,"https://t.co/ifPo45CiM1","Tara Mack","2011-06-16 21:54:46",FALSE,FALSE,"tmackwrites","Las Vegas, USA","en",318686975,4,FALSE,"http://pbs.twimg.com/profile_images/870061390580424704/PnJUKr38_normal.jpg"
"project  management @RedSandProject, feminist and activist, optimistic DC  teams lover, soup enthusiast",3099,37,3054,851,NA,"Lizzie Horne","2016-03-09 19:13:30",FALSE,FALSE,"LizzieHnroe","Maryland, USA","en",707645505220820992,2,FALSE,"http://pbs.twimg.com/profile_images/734325377099649025/XZUrE766_normal.jpg"
"Being an adult is hard enough. Being a millennial adult in a crisis? Tragic. #EmergencyPreparedness #Ready #GetPrepared #NotScared",879,20,78,345,NA,"The Ready Millennial","2017-06-11 03:21:51",FALSE,FALSE,"ReadyMillennial","Florida, USA","en",873742043192860672,0,FALSE,"http://pbs.twimg.com/profile_images/907171762520997888/RqBGoJOP_normal.jpg"
"#cellularcosmology #skycentrism <ed><U+00A0><U+00BD><ed><U+00B2><U+008E>Star in a jar. Married, gov+politics, Pro medical freedom in all of it's forms. #novaccines #prolife and #MAGA <ed><U+00A0><U+00BC><ed><U+00B7><U+00BA><ed><U+00A0><U+00BC><ed><U+00B7><U+00B8> #AMERICA",3670,1151,12874,1514,NA,"Irma Arts","2016-11-16 03:59:46",FALSE,FALSE,"irmalynntracy","Oregon, USA","en",798737295750754304,2,FALSE,"http://pbs.twimg.com/profile_images/953855602383470592/9IDSvjp__normal.jpg"
"CU Pharmacy School Professor turned VA Antimicrobial Stewardship Pharmacist- Durham VA Healthcare System",936,257,54,307,NA,"Mary Townsend","2013-09-30 20:40:01",FALSE,FALSE,"MaryTownsend503","Chapel Hill, NC, USA","en",1921248674,8,FALSE,"http://pbs.twimg.com/profile_images/964011279768866817/ebcjh-Iv_normal.jpg"
"Hosted by @MarcoWerman. We're in your ears five times a week, offering news, features, interviews, and music from around the globe. Say hello!",48393,33999,7399,1773,"https://t.co/v9aHfsttY0","PRI's The World","2008-02-14 22:18:56",FALSE,TRUE,"pritheworld","Boston, MA, USA","en",13492102,1575,FALSE,"http://pbs.twimg.com/profile_images/501788981239902208/s4ypjiLD_normal.jpeg"
"Mom who <U+2764><U+FE0F>my kids,husband, grandchild,God&guns,Constitution, Freedom,Independence,supports the Red,White&Blue! I vote for the person not party #MAGA +++",145934,13842,20005,4026,"https://t.co/bZ2OUAmtIn","patriotMOMsays#releaSETHememo","2009-04-28 04:49:47",FALSE,FALSE,"2christian","Texas, USA","en",35929206,41,FALSE,"http://pbs.twimg.com/profile_images/947628091274297344/Zu3BFTrI_normal.jpg"
"Stand for God, family and Country. Support my President! <ed><U+00A0><U+00BC><ed><U+00B7><U+00BA><ed><U+00A0><U+00BC><ed><U+00B7><U+00B8><ed><U+00A0><U+00BC><ed><U+00B7><U+00BA><ed><U+00A0><U+00BC><ed><U+00B7><U+00B8>MAGA<ed><U+00A0><U+00BC><ed><U+00B7><U+00BA><ed><U+00A0><U+00BC><ed><U+00B7><U+00B8><ed><U+00A0><U+00BC><ed><U+00B7><U+00BA><ed><U+00A0><U+00BC><ed><U+00B7><U+00B8> Time to drain the Swamp!",5901,1231,10847,1967,NA,"Kathy d","2014-07-13 04:17:01",FALSE,FALSE,"kat1202dem","New York, USA","en",2705236180,1,FALSE,"http://pbs.twimg.com/profile_images/957353149710430209/jDtXISYi_normal.jpg"
"I am an American Patriot who loves God and Country.
#Patriot
#Constitution
#MAGA
#IlovePresidentTrump 
#SaveTheChildren 
#TheGreatawakening 
#QAnon 
#TheStorm",1287,110,1295,216,NA,"Kentucky Girl 7","2018-01-18 02:54:48",FALSE,FALSE,"7Kentucky","Kentucky, USA","en",953747456713547776,1,FALSE,"http://pbs.twimg.com/profile_images/953792782732230656/XpEsSl70_normal.jpg"
"#Christian #RaptureBeliever from #Texas Followed by @AbbottCampaign @JamesRosentv @ChiefDavidBrown @toddstarnes & @realdailywire #TheStorm",18666,4799,20058,5263,NA,"Melissa","2013-08-23 16:39:23",FALSE,FALSE,"onebigsister","Texas, USA","en",1693763233,40,FALSE,"http://pbs.twimg.com/profile_images/964559996456488961/bDWG2WAQ_normal.jpg"
"God•Family•Country•Guns Lifetime NRA member #AmericaFirst #Trump #MAGA #ProLife #Military #BlueLivesMatter Happy to be followed by @GenFlynn & @cvpayne",43912,10500,27911,6415,NA,"<ed><U+00A0><U+00BC><ed><U+00BC><U+00B9>PooberKitty<U+2764><U+FE0F>","2016-03-15 07:53:38",FALSE,FALSE,"PooberKitty","Texas, USA","en",709588340840865792,62,FALSE,"http://pbs.twimg.com/profile_images/749066135614550016/jrKK42tS_normal.jpg"
"George Mason Biodefense: Where Science Meets Security",5060,907,4662,257,"https://t.co/OYEULyMYea","The Pandora Report","2012-04-19 19:02:56",FALSE,FALSE,"PandoraReport","Fairfax, Virginia, USA","en",557784956,56,FALSE,"http://pbs.twimg.com/profile_images/759849365401837568/cgHc-OaV_normal.jpg"
"Dad, Microbiology Scientist, Philosopher, Globalist, Visionary of an extraterrestrial humankind.",7471,25,4845,91,NA,"Livier I Gonzalez Cordero","2017-09-13 20:20:14",FALSE,FALSE,"livier_i","Puerto Rico, USA","en",908002390498050048,0,FALSE,"http://pbs.twimg.com/profile_images/947886257232683008/I0DFX2LM_normal.jpg"
"Vamanos!",144,23,1338,96,NA,"rw_hall","2008-07-13 02:30:17",FALSE,FALSE,"rw_hall","New Mexico, USA","en",15408743,0,FALSE,"http://pbs.twimg.com/profile_images/343241798/Photo_47_normal.jpg"
"<U+2728>#MAGA<U+2728>I see God at work in America and it’s only just begun!! Thank you #Jesus",6988,234,6382,702,NA,"Shannon","2011-08-30 00:04:28",FALSE,FALSE,"fulfordshannon","Florida, USA","en",364455038,0,FALSE,"http://pbs.twimg.com/profile_images/953346647148388352/FDbJa0FA_normal.jpg"
"Proud American. U.S. Navy & Cold War Vet. Educated-summa cum laude. Happily married for 38 years! Gun owner. TRUMP IS MY PRESIDENT! State of Jefferson!",77258,5254,68949,5321,NA,"DeplorableLori","2011-10-08 23:03:42",FALSE,FALSE,"ski95252","California, USA","en",387265077,83,FALSE,"http://pbs.twimg.com/profile_images/893486821509742597/5NEvwC0Z_normal.jpg"
"nothing but the truth #MAGA #Trump Train #POTUS #AmericaStrong#NRA Christian conservative,#Nascar #TheGreatAwakening#WeThePeople#ReleaseTheCures",37581,3314,9433,3929,NA,"#BlameGameAgain","2017-07-06 00:45:34",FALSE,FALSE,"SteveZmann","Illinois, USA","en",882702011875110912,6,FALSE,"http://pbs.twimg.com/profile_images/944946651483041794/pNA9ALSd_normal.jpg"
"Just An AMERICAN Who Believes and Loves God the USA and Unity of the Righteous!!! #No Porn. #MAGA<ed><U+00A0><U+00BD><ed><U+00B4><U+00A5>Trump 2020",6533,3356,5088,4963,NA,"Me","2017-10-11 13:55:57",FALSE,FALSE,"Me31252250","USA","en",918052540998135808,0,FALSE,"http://pbs.twimg.com/profile_images/957268612355682305/vNrdEhvA_normal.jpg"
"#CHRISTIAN #TRUMP #ProLife #2A #CONSERVATIVE #MAGA Also on gab https://t.co/SywyDgtBRX",59816,9786,42241,10732,NA,"Constance R","2016-01-26 05:29:17",FALSE,FALSE,"constance_813","USA","en",4847424813,19,FALSE,"http://pbs.twimg.com/profile_images/717869573416951808/IFrwF4ze_normal.jpg"
"RT animals @shelters/rescue organiz. so aren't euthanized-#Chewy.com #MustLoveDogs #saveshelteranimals #MAGANUCLEAR #MAGATX #Consfront,Followed by Gen.Flynn",170331,12614,152771,13786,"https://t.co/iOYH3QVD8Q","Lisa #MAGA","2009-06-26 07:59:26",FALSE,FALSE,"lisareiss","Texas, USA","en",50913224,127,FALSE,"http://pbs.twimg.com/profile_images/283146573/I_LOVE_ROOS_normal.jpg"
"student & unfortunate @buffalobills fan. i follow people on both political spectrums for opinions. #bills #sabres #yotes",264,190,388,1070,NA,"Robert Cervesa","2015-11-29 02:56:42",FALSE,FALSE,"robertcerasa","USA","en",4392378872,4,FALSE,"http://pbs.twimg.com/profile_images/823735425143443456/UyuKaZjL_normal.jpg"
"https://t.co/H0wrf0qk28",1925,9289,3009,2114,"https://t.co/nfCrVhoU6L","0HOUR1","2012-07-30 05:36:31",FALSE,FALSE,"magaforamerica","Georgia, USA  Citizen Journalist 1st Amendment","en",725012832,47,FALSE,"http://pbs.twimg.com/profile_images/971803996477259776/EVtgavgD_normal.jpg"
"Science policy, STEM, and equality advocate. Infectious disease and global health enthusiast. Here for science news and interesting tidbits. Tweets are my own",7907,607,13871,1095,NA,"Amy Kullas, Ph.D.","2016-02-08 06:18:52",FALSE,FALSE,"Amy_Kullas","District of Columbia, USA","en",4886330115,47,FALSE,"http://pbs.twimg.com/profile_images/774284547345309696/_EwLjX0b_normal.jpg"
"Essential news & views for the global health community from @JohnsHopkinsSPH.",4911,9609,1149,592,"https://t.co/oyMHynd9Y4","Global Health NOW","2015-03-25 16:31:35",FALSE,FALSE,"ghn_news","Baltimore, MD USA","en",3114721961,121,FALSE,"http://pbs.twimg.com/profile_images/775331242795470848/MaPBw_Jp_normal.jpg"
"My<ed><U+00A0><U+00BD><ed><U+00B2><U+0098>was given to me, I did not pick it, it picked me. My Creator decided how it is going to be, I try to ride with it clean, my<U+2764> & all I mean",22015,52,6358,232,NA,"Myshell Webster","2012-10-22 18:32:53",FALSE,FALSE,"Myshellanne","USA","en",897709878,1,FALSE,"http://pbs.twimg.com/profile_images/967779761257775104/4jkv5T3k_normal.jpg"
"Clinging to the Bill Of Rights

#NaturalLaw",56397,1279,12897,1635,NA,"A K","2015-04-07 15:23:42",FALSE,FALSE,"crosshairsonyou","USA","en",3143511569,239,FALSE,"http://pbs.twimg.com/profile_images/941479623195537408/azcChTBH_normal.jpg"
"Program director at the Social Science Research Council. Sr. fellow at LSE. Political scientist and student of the great Congo, its neighbors, and UN peace ops.",1484,983,1143,381,"https://t.co/WX7gWAo5J4","Tatiana Carayannis","2009-01-28 22:02:57",FALSE,FALSE,"TCarayannis","New York City, USA","en",19662035,40,FALSE,"http://pbs.twimg.com/profile_images/854724049154473986/7JMlcBpn_normal.jpg"
"Dedicated public policy consultant and advocate with a passion for global health and humanitarian rights issues. Je twitte en français et en anglais.",4000,1723,2861,1256,"https://t.co/5imJ8w1Vpx","Cher Gonzalez, JD","2015-09-10 22:15:01",FALSE,FALSE,"GonzGovConsult","California, USA","en",3518087726,92,FALSE,"http://pbs.twimg.com/profile_images/642041244143628288/Q_5KGiDh_normal.jpg"
"MyAutisticSon & I R 15Yr UnwittgVictimSURVIVORS of<ed><U+00A0><U+00BC><ed><U+00B7><U+00BA><ed><U+00A0><U+00BC><ed><U+00B7><U+00B8>Govmt ImproperlyClassified-Unconstitutional Remote #BCI TortureEXPERIMENTS #TI #TargetedIndividual #Autism",17815,1275,8657,2317,"https://t.co/696hbvdIZV","IamAristotle","2010-10-19 07:07:53",FALSE,FALSE,"Aristotle1865","PoliceState-Nuremberg AURORA, #IL #USA","en",204623129,52,FALSE,"http://pbs.twimg.com/profile_images/378800000085016911/a2c81d6a960acd349b08537e9a7ab02b_normal.jpeg"
"If I Were The DEVIL ...         

      by Paul Harvey   <U+2606> 1965 <U+2606>
https://t.co/SVnQNpoPzk",78586,1414,64219,983,NA,"<ed><U+00A0><U+00BC><ed><U+00B7><U+00BA><ed><U+00A0><U+00BC><ed><U+00B7><U+00B8>CaseySprout<ed><U+00A0><U+00BC><ed><U+00B7><U+00BA><ed><U+00A0><U+00BC><ed><U+00B7><U+00B8>","2013-10-10 03:36:28",FALSE,FALSE,"Caseysprout","Oregon, USA","en",1950315650,178,FALSE,"http://pbs.twimg.com/profile_images/954937711118266368/SU7EWPbI_normal.jpg"
"Microbial ecologist<ed><U+00A0><U+00BD><ed><U+00B4><U+00AC><ed><U+00A0><U+00BD><ed><U+00B5><U+00B5><ed><U+00A0><U+00BC><ed><U+00BF><U+00BB><U+200D><U+2640><U+FE0F>aspiring to be a biophysicist, microbial big data analyst & research strategist<U+2699><U+FE0F>Recent Ecology MSc grad<ed><U+00A0><U+00BD><ed><U+00B3><U+009C><ed><U+00A0><U+00BC><ed><U+00BE><U+0093>#WomenOfSTEAM <ed><U+00A0><U+00BD><ed><U+00B1><U+00A9><ed><U+00A0><U+00BC><ed><U+00BF><U+00BB><U+200D><ed><U+00A0><U+00BD><ed><U+00B4><U+00AC><ed><U+00A0><U+00BD><ed><U+00B1><U+00A0>#",9241,433,8548,728,"https://t.co/igMdNLUIWV","Colbie Reed","2012-01-25 05:54:31",FALSE,FALSE,"mindandmattr","Florida, USA","en",473471237,68,FALSE,"http://pbs.twimg.com/profile_images/970801300391645184/-xC2NuTD_normal.jpg"
"UW-Madison Science Outreach & Events.  Develop Your Science Savvy + Experience Science as Exploring the Unknown at UW-Madison. Tweets: T.Zinnen or L.Jesse",13189,2358,437,343,"http://t.co/nif1dQisXa","science.wisc.edu","2011-03-11 23:07:15",FALSE,FALSE,"sciencewiscedu","Madison, WI, USA","en",264315612,90,FALSE,"http://pbs.twimg.com/profile_images/378800000637408269/8b38b429a20353cca2e9e0023407b439_normal.png"
"A microbiologist & former Biotech and BioPharma Exec now freelancing as a medical science writer, training program designer and workshop facilitator.",267352,5201,10667,4058,"https://t.co/XLR8GkdogM","Larry Lynam","2010-08-25 18:38:25",FALSE,FALSE,"scopedbylarry","Florida, USA","en",182840025,417,FALSE,"http://pbs.twimg.com/profile_images/789488471589130240/6rHOydd2_normal.jpg"
"Based in Highlands, NC, USA, we are a global consulting firm focusing on leadership, education, strategic planning, and healthcare quality and management.",302,61,70,112,"https://t.co/r7urCBihjz","Global Strategies","2011-01-03 20:33:03",FALSE,FALSE,"GHStrategy","Atlanta, GA USA","en",233567431,1,FALSE,"http://pbs.twimg.com/profile_images/1220956762/twittergslogo1_normal.jpg"
"Interrogare Semper | News bot/humans via retweets | 1 min per retweet",1162417,3437,38,281,NA,"Question News","2013-08-12 07:35:37",FALSE,FALSE,"QxNews","USA","en",1664059166,2737,FALSE,"http://pbs.twimg.com/profile_images/597288578092240896/ePlmSYCH_normal.png"
"Global Health, Social Determinants of health, and public health",22023,3065,585,309,NA,"Equity and Health","2009-03-07 03:34:57",FALSE,FALSE,"equityhealthdev","Washington DC USA","en",23129379,341,FALSE,"http://pbs.twimg.com/profile_images/495661077783269376/CCHGssfT_normal.png"
"Being prepared for SHTF means that you need to be a Grey Man - resourceful, stealthy, much like a chameleon, with many skills. Contact us for consultation.",365,756,99,407,"https://t.co/2pbCIpqaNo","Vermont Prepper","2008-04-26 15:58:51",FALSE,FALSE,"VermontPrepper","USA","en",14542844,9,FALSE,"http://pbs.twimg.com/profile_images/881106776715927552/DeJ0DaZL_normal.jpg"
"Johns Hopkins University - School of Public Health - Academic-based public health observatory - operational research and training  - Epidemiology Methods",20672,1638,606,604,"https://t.co/ZkYMtFS7IO","Global Health Observ","2014-06-14 00:40:04",FALSE,FALSE,"GlobalPHObserv","Baltimore MD USA","en",2565865626,271,FALSE,"http://pbs.twimg.com/profile_images/685926471077072896/FVn9MBix_normal.jpg"
"",10327,153,19469,640,NA,"Gladiator<ed><U+00A0><U+00BE><ed><U+00B6><U+008A><ed><U+00A0><U+00BD><ed><U+00B2><U+0081><ed><U+00A0><U+00BC><ed><U+00BF><U+00BD><ed><U+00A0><U+00BE><ed><U+00B6><U+008B><ed><U+00A0><U+00BE><ed><U+00B6><U+008B>","2017-11-15 05:31:51",FALSE,FALSE,"happinessbccc","New York, USA","en",930594155973226496,1,FALSE,"http://pbs.twimg.com/profile_images/930611271224918017/14z97h6F_normal.jpg"
"Patriot <ed><U+00A0><U+00BC><ed><U+00B7><U+00BA><ed><U+00A0><U+00BC><ed><U+00B7><U+00B8> Antiglobalist, Christian. Honor our Military. Back the Badge. Get the UN out of the U.S. *NO LISTS*  <ed><U+00A0><U+00BD><ed><U+00BA><U+0082>  Fwd by- Harlan Hill/James Rosen/J Jane Duff",28546,8412,13122,8010,NA,"katk","2013-11-06 10:12:51",FALSE,FALSE,"kkat2u","Arizona, USA","en",2177395602,8,FALSE,"http://pbs.twimg.com/profile_images/949179941463064576/zC65NsVO_normal.jpg"
"Wife~Mom~Dog lover~Redbone Coonhound<ed><U+00A0><U+00BD><ed><U+00B0><U+00BE> ~AMERICA LOVER!!! <ed><U+00A0><U+00BC><ed><U+00B7><U+00BA><ed><U+00A0><U+00BC><ed><U+00B7><U+00B8> I’m on Gab.....RedboneCoonhound ~ I Love Jesus! Big fan of the Golden Rule. #QAnon #MAGA #Trump",12883,1855,26103,2501,NA,"RedboneCoonhound","2014-12-24 10:03:04",FALSE,FALSE,"barr1966_barr","Georgia, USA","en",2939140725,9,FALSE,"http://pbs.twimg.com/profile_images/926105119053271040/PEKgB3MZ_normal.jpg"
"#Election2016",37992,662,28618,649,NA,"Doylanna.  <ed><U+00A0><U+00BC><ed><U+00B7><U+00BA><ed><U+00A0><U+00BC><ed><U+00B7><U+00B8>MAGA","2016-03-16 09:06:53",FALSE,FALSE,"DoxieMama007","Ohio, USA","en",709969160630095872,5,FALSE,"http://pbs.twimg.com/profile_images/962766752823341057/urjS35WS_normal.jpg"
"All about common sense . America First! #MAGA",12245,828,24341,1043,NA,"Ramble on","2017-01-08 16:27:48",FALSE,FALSE,"Mav3Ramble","USA - Hong Kong","en",818056604385824768,6,FALSE,"http://pbs.twimg.com/profile_images/848921458290176002/-pI8nI7u_normal.jpg"
"Professor & administrator. Biographer of Sara Baartman; Ellen Johnson Sirleaf #twitterstorians #highered #Africa Advisory group for #womenalsoknowhistory",48760,7477,6594,4483,"https://t.co/MR3KSZ4AIZ","Pamela Scully","2009-07-06 00:45:27",FALSE,FALSE,"PamelaScully","USA","en",54001505,441,FALSE,"http://pbs.twimg.com/profile_images/948210190926585859/E1Pd1lW9_normal.jpg"
"Emergency Medical Services and Public Health Preparedness Professional; Change Agent; Problem Solver ; Author; Lecturer.  All views are my own.",3764,1996,5812,3311,NA,"Ray Barishansky","2010-05-04 22:15:41",FALSE,FALSE,"rbarishansky","Pennsylvania, USA","en",140142316,50,FALSE,"http://pbs.twimg.com/profile_images/967379896010977280/P-7CG7U4_normal.jpg"
"<ed><U+00A0><U+00BD><ed><U+00B2><U+00AF> Air Force Gulf War Vet | <ed><U+00A0><U+00BD><ed><U+00BA><U+0080> Systems Engineer | MAGA | America FIRST | Drain the Swamp! | The Storm | Deport Them All | Build That Wall",12834,2228,17994,2149,"https://t.co/l5EaHoa7MD","Jeff USAF-TRUMP","2010-02-14 03:21:58",FALSE,FALSE,"jeffbailey69","Florida, USA","en",114038919,35,FALSE,"http://pbs.twimg.com/profile_images/903620963958349825/KLa4sU9H_normal.jpg"
"Retired nurse.wife, mother, grandmother, Conservative,and educated trumper. 2 nephews and 2 grandsons serving our country.Trump is my President.#MAGA  NO LISTS",41379,3936,15166,4931,NA,"CONSERVATIVE MEMAW","2017-06-11 08:29:11",FALSE,FALSE,"sjlnlgl5451","North Carolina, USA","en",873758990727041024,44,FALSE,"http://pbs.twimg.com/profile_images/873765022232608768/sYPOVaB6_normal.jpg"
"",9420,149,9422,203,NA,"Michael","2009-04-28 13:32:53",FALSE,FALSE,"elitmik","Ohio, USA","en",36028398,0,FALSE,"http://pbs.twimg.com/profile_images/942997525933510656/U3TJj9cZ_normal.jpg"
"Health Wellness Weight Loss Nutrition non-GMO Autoimmune-Zurvita Ind Global Consultant-Researcher Entrepreneur News/PoliticsJunkie Conservative",56431,3749,179379,4982,NA,"Cara TXZEAL","2016-01-27 00:18:50",FALSE,FALSE,"Cara_TXZEAL","Texas, USA","en",4817958794,51,FALSE,"http://pbs.twimg.com/profile_images/692067907556085760/mbTWEUeN_normal.jpg"
"W/@UNAIDS,formerly @CDCgov& @EmoryMedicine, physician,#globalhealth #publichealth #epidemiology #HIV #STI #SRH #SRHR #globaldev. Love #art.Views&tweets my own",16950,4566,7151,2037,"https://t.co/zHx7yj8S3s","Ani Shakarishvili,MD","2014-05-18 00:59:28",FALSE,FALSE,"AniShakari","Geneva, Switzerland; DC, USA","en",2502499914,478,FALSE,"http://pbs.twimg.com/profile_images/467774064539336705/8cpg3Sd9_normal.jpeg"
"Wife, Mother & Nana! Patriot who loves God, USA,Constitution, & our freedom. No patience with entitlement. Love our President! #Trump train!!! #MAGA",15294,2724,29846,4573,NA,"Dena Zachman","2017-01-16 21:50:12",FALSE,FALSE,"dena_zachman","Texas, USA","en",821036841872789504,2,FALSE,"http://pbs.twimg.com/profile_images/822444250306609153/4T45nsN3_normal.jpg"
"<ed><U+00A0><U+00BC><ed><U+00B7><U+00BA><ed><U+00A0><U+00BC><ed><U+00B7><U+00B8> #RedWaveRising #TRUMP2020 #Military #Vets #MAGA #ProLife  #KatesLaw - #VegasStrong #TrumpTrain <ed><U+00A0><U+00BD><ed><U+00BA><U+0082>
#Benghazi NASCAR
Married w/3 Boy's <ed><U+00A0><U+00BC><ed><U+00B7><U+00BA><ed><U+00A0><U+00BC><ed><U+00B7><U+00B8>USAF Mom",71553,16597,64734,5760,NA,"<ed><U+00A0><U+00BD><ed><U+00B2><U+009C><ed><U+00A0><U+00BC><ed><U+00B7><U+00BA><ed><U+00A0><U+00BC><ed><U+00B7><U+00B8><ed><U+00A0><U+00BC><ed><U+00BF><U+0081>Theresa <ed><U+00A0><U+00BC><ed><U+00BF><U+0081><ed><U+00A0><U+00BC><ed><U+00B7><U+00AE><ed><U+00A0><U+00BC><ed><U+00B7><U+00B1>2nd Amendment - VOTE RED<ed><U+00A0><U+00BD><ed><U+00B2><U+009C>","2012-10-23 03:08:38",FALSE,FALSE,"tbailey5477","North Carolina, USA","en",898639333,22,FALSE,"http://pbs.twimg.com/profile_images/965222194648354822/l4kjMm7q_normal.jpg"
"Woke up in February 2017 to <ed><U+00A0><U+00BC><ed><U+00B7><U+00BA><ed><U+00A0><U+00BC><ed><U+00B7><U+00B8>'s dire straits and final chance @ redemption in POTUS45. Followed by @CraigRSawyer, @GenFlynn. Also on Gab w/ same username! <ed><U+00A0><U+00BD><ed><U+00B0><U+00B8>",157423,7967,183447,6900,NA,"FreedomMN","2017-04-25 21:29:44",FALSE,FALSE,"battlefrontgen1","Minnesota, USA","en",856923191926824960,12,FALSE,"http://pbs.twimg.com/profile_images/959176084549001221/o2XQ8v8i_normal.jpg"
"Searcher. Conservative/Libertarian Christian Looking for answers that make sense . . . Dialysis is a drag.  The world does not exist in a series of absolutes.",304972,3466,16865,3598,"https://t.co/nu0iB2EvKJ","Jim Polk","2009-04-28 15:56:13",FALSE,FALSE,"JimPolk","Rochester, NY, USA","en",36046325,354,FALSE,"http://pbs.twimg.com/profile_images/752751131412037632/1NzznK0V_normal.jpg"
"Love God, my Dogs and Husband -Mother of 2, Proud Grandma, #MAGA , #QANON, @POTUS, #FreeTheInternet, #BoycottFacebook, #HRCVideo, #Obamagate<ed><U+00A0><U+00BC><ed><U+00B7><U+00BA><ed><U+00A0><U+00BC><ed><U+00B7><U+00B8><ed><U+00A0><U+00BC><ed><U+00B7><U+00BA><ed><U+00A0><U+00BC><ed><U+00B7><U+00B8><ed><U+00A0><U+00BC><ed><U+00B7><U+00BA><ed><U+00A0><U+00BC><ed><U+00B7><U+00B8><ed><U+00A0><U+00BC><ed><U+00B7><U+00BA><ed><U+00A0><U+00BC><ed><U+00B7><U+00B8>",5614,5010,16788,5393,NA,"MAGA10x10","2011-01-31 11:31:42",FALSE,FALSE,"sdavisaz","USA","en",245242887,3,FALSE,"http://pbs.twimg.com/profile_images/947511230524096512/Y_HA4nn7_normal.jpg"
"Viral molecular geneticist. Dad. Hominid. Views are my own.",4992,936,21428,4042,NA,"Jeremy","2010-03-28 08:49:27",FALSE,FALSE,"karyotypical","Louisiana, USA","en",127132768,24,FALSE,"http://pbs.twimg.com/profile_images/836206425474924544/4vwKXPGh_normal.jpg"
"Poxvirus and host tropism determinants
Viruses in general are just amazing! Let the curiosity lead the way.",1791,196,1741,226,NA,"Jia Liu","2015-02-24 23:44:15",FALSE,FALSE,"LiuLab4Virology","University of Arkansas, USA","en",3040061347,21,FALSE,"http://pbs.twimg.com/profile_images/622942274670850048/iiUqHMvI_normal.jpg"
"Ne mutlu türküm diyene<ed><U+00A0><U+00BC><ed><U+00B7><U+00B9><ed><U+00A0><U+00BC><ed><U+00B7><U+00B7> RTE<ed><U+00A0><U+00BD><ed><U+00B1><U+008F><ed><U+00A0><U+00BC><ed><U+00BF><U+00BD><ed><U+00A0><U+00BC><ed><U+00B7><U+00B9><ed><U+00A0><U+00BC><ed><U+00B7><U+00B7> fuck kurdistan<ed><U+00A0><U+00BC><ed><U+00B7><U+00B9><ed><U+00A0><U+00BC><ed><U+00B7><U+00B7>",1089,51,1567,197,NA,"Ceylan Ceylin","2016-11-15 05:29:19",FALSE,FALSE,"ceylin_Ceylan_1","District of Columbia, USA","en",798321947549585408,0,FALSE,"http://abs.twimg.com/sticky/default_profile_images/default_profile_normal.png"
"a pediatrician grumpy about the crazy stuff in pediatrics & healthcare, but not about kids",234,142,133,181,"https://t.co/Iu7LtqIPnj","Grumpy Pediatrician","2015-12-16 18:39:25",FALSE,FALSE,"grumpypedi","Tampa Bay, Florida, USA","en",4503374081,3,FALSE,"http://pbs.twimg.com/profile_images/697127415361990656/E6nAD94z_normal.png"
"TEPHINET, a program of @TFGH, is a global network of 69 Field Epidemiology Training Programs (FETPs) improving public health training and response.",2550,1243,893,479,"https://t.co/t3K4oQCS3f","TEPHINET","2010-12-07 09:10:30",FALSE,FALSE,"tephinet","Atlanta, GA, USA","en",223716829,37,FALSE,"http://pbs.twimg.com/profile_images/950755443231641600/JV0nyCiQ_normal.jpg"
"Director, Office of Advanced Practice University of Colorado Hospital",1825,126,2930,60,NA,"Jennifer Rodgers","2017-06-26 04:21:59",FALSE,FALSE,"pulmnp","Colorado, USA","en",879132596445224960,2,FALSE,"http://pbs.twimg.com/profile_images/879135287900872704/BFtt1M1C_normal.jpg"
"La Asociación de Salud Primaria de Puerto Rico apoya a la Red de Prevención y Salud Primaria 330 a ofrecer servicios de salud asequibles y de alta calidad.",1036,378,36,383,"http://t.co/kqITItwkxf","ASPPR","2015-08-05 03:56:55",FALSE,FALSE,"saludprimariapr","Puerto Rico, USA","en",3306378126,2,FALSE,"http://pbs.twimg.com/profile_images/629006294062514176/4_2courr_normal.jpg"
"Experienced #Marketing & Project Manager Hailing from the Technology, Finance, Legal & Health Advocacy Sectors <U+2605> Animal Lover <U+2605> Travel Enthusiast <U+2605> Proud Geek",2422,359,53,328,"https://t.co/uciVMZm1H3","Sarah Kastrinelis <U+272A>","2015-09-03 20:38:59",FALSE,FALSE,"SKastrinelis","Massachusetts, USA","en",3535787543,124,FALSE,"http://pbs.twimg.com/profile_images/750724994133622785/w5m7s195_normal.jpg"
"Offering high quality #American grown #organic #hemp products. Infused #capsules, #tinctures, lotions, #oils, and teas. Free first class shipping on all orders.",4072,6096,14853,2984,"https://t.co/9hxbMAR3m6","Hemp Direct","2016-06-24 20:27:25",FALSE,FALSE,"Hemp_Direct","Hawesville, KY 42348, USA","en",746379210260942848,203,FALSE,"http://pbs.twimg.com/profile_images/951086763807780864/B3OFmO_K_normal.jpg"
"A molecular diagnostics company commercializing disruptive innovations and targeted applications for Next Generation Sequencing.

Support: +1 (617) 500 0790",7343,866,253,1176,"http://t.co/Q7JZrYoKNT","Omixon","2011-08-10 20:51:40",FALSE,FALSE,"OmixonBio","Cambridge, MA, USA","en",352448762,89,FALSE,"http://pbs.twimg.com/profile_images/832243200370814977/shg4sESF_normal.jpg"
"Latest #medicalnews and #healthnews for discussion. Personal tweets and not medical advice.",2601,292,3,184,"https://t.co/9C0H9OpiaD","DrPenna Medical News","2016-09-22 06:47:38",FALSE,FALSE,"MedicalPenn","Pennsylvania, USA","en",778787813961637888,122,FALSE,"http://pbs.twimg.com/profile_images/795695807345336325/Dbid0b-9_normal.jpg"
"Advising clients in using IT to improve Healthcare & Life Sciences business via #strategy #Pharma #MedicalDevice #HealthIT #cloudcomputing #IoT #Blockchain",22763,4630,5238,4533,"http://t.co/iDvP5MJLAC","Jim Sabogal",NA,FALSE,FALSE,"jimsabogal","Lower Makefield, PA  USA","en",89802513,1319,FALSE,"http://pbs.twimg.com/profile_images/828338789168926720/zxvQjNL__normal.jpg"
"Hooray Way is about how to survive a wide variety of syndromes, disorders, and diseases.",66,16,46,78,"https://t.co/AC9eoPB8vX","Hip Hip Hooray - There is a Way",NA,FALSE,FALSE,"HoorayWay","USA","en",951633420962078720,0,FALSE,"http://pbs.twimg.com/profile_images/954423589213646848/ZNZ3Z2kk_normal.jpg"
"I <U+2764><U+FE0F> God. I <U+2764><U+FE0F> people. I'm a wife, mom, friend, social advocate, life learner & so much more. I think of myself as a life practitioner b/c I practice each day.",3671,509,435,768,"https://t.co/AC9eoPB8vX","Andrea Catlett",NA,FALSE,FALSE,"AndreaCatlett","Colorado, USA","en",23214109,14,FALSE,"http://pbs.twimg.com/profile_images/810623031366144001/RPMY4v0j_normal.jpg"
"La emisora de noticias y análisis de más audiencia en Puerto Rico. Primeros Con La Noticia. Contacto: noticias@unoradio.com",150847,214236,3049,711,"https://t.co/MF1re9QqVk","NotiUno 630",NA,FALSE,TRUE,"NotiUno","Puerto Rico, USA <ed><U+00A0><U+00BC><ed><U+00B7><U+00B5><ed><U+00A0><U+00BC><ed><U+00B7><U+00B7><ed><U+00A0><U+00BC><ed><U+00B7><U+00BA><ed><U+00A0><U+00BC><ed><U+00B7><U+00B8>","en",54919560,967,FALSE,"http://pbs.twimg.com/profile_images/948570914656018432/MUwqV58T_normal.jpg"
"Texas, Okinawa, Kubasaki, scuba/snorkle, DC, juggler, trapeze, knitter, body-flying, DG, Relay, cancer hater, caregiver, and (best of all) husband to Deirdre!",1853,49,3344,48,"https://t.co/ocwpUpeH07","Charles Holder",NA,FALSE,FALSE,"OkiJuggler","Maryland, USA","en",564892338,1,FALSE,"http://pbs.twimg.com/profile_images/601962581205516288/_hvPduTI_normal.jpg"
"Social Media Personality, Reportero del Tránsito, Caza Noticias, Weather Lover , Tuitero y Pet Lover.",309838,5221,51236,2298,"https://t.co/VgLfLIDibA","Yarim Correa <ed><U+00A0><U+00BC><ed><U+00B7><U+00B5><ed><U+00A0><U+00BC><ed><U+00B7><U+00B7><ed><U+00A0><U+00BC><ed><U+00B7><U+00BA><ed><U+00A0><U+00BC><ed><U+00B7><U+00B8><ed><U+00A0><U+00BC><ed><U+00B7><U+00A6><ed><U+00A0><U+00BC><ed><U+00B7><U+00B7>",NA,FALSE,FALSE,"YarimCorrea","Puerto Rico, USA","en",104481563,254,FALSE,"http://pbs.twimg.com/profile_images/967400871368806405/NQyUMTLA_normal.jpg"
"The Regulatory Affairs Professionals Society (RAPS) is an international membership organization of regulatory professionals in the healthcare products sector.",21805,8389,1176,1298,"http://t.co/Y2v9zKFDvd","RAPS",NA,FALSE,FALSE,"RAPSorg","Rockville, MD, USA","en",111425542,293,FALSE,"http://pbs.twimg.com/profile_images/815349887218946052/UdvkwZG1_normal.jpg"
"<U+2695>MD candidate & Clinical Research Scholar @EastCarolina pursuing #Physiatry - MS in #SportsMed & advocate for sensible #Spine care @thereflexreview",2478,3153,8659,3427,"https://t.co/JEHYs3HMJn","Jim Eubanks",NA,FALSE,FALSE,"drjeubanks","North Carolina, USA","en",23569903,34,FALSE,"http://pbs.twimg.com/profile_images/838228359201107969/f9vPfbVK_normal.jpg"
"Transforming infectious disease diagnostics with #genomics. Our #NGS blood test detects 1K+ pathogens via microbial cell-free DNA. CLIA & CAP accredited lab.",607,854,412,2406,"https://t.co/kLfZd2CmmJ","Karius, Inc.",NA,FALSE,FALSE,"kariusdx","California, USA","en",3139856935,13,FALSE,"http://pbs.twimg.com/profile_images/913777792579457024/BuUJjvTV_normal.jpg"
"Visionary trauma informed mental health professional focused on creating resilient communities. Co-Founder of @BALLPARkco #Husband #Father #Philosopher #Love",261,60,169,346,NA,"Michael Ross, LCSW",NA,FALSE,FALSE,"MRossLCSW","Indiana, USA","en",899777945824350208,0,FALSE,"http://pbs.twimg.com/profile_images/926970256664547328/S8-kgfCi_normal.jpg"
"#MultipleSclerosis #Survivor #Clinically #Depressed #Musician #Truth #Seeker #Avid #Reader #Single #Christian #Spiritual #Believer &  #Living #Beyond the #Veil",13642,6030,34,2789,"https://t.co/zVADPlpF7Z","@KPsychonautics",NA,FALSE,FALSE,"KPsychonautics","Ohio, USA","en",460666455,186,FALSE,"http://pbs.twimg.com/profile_images/961147683896528896/jJqbJwzR_normal.jpg"
"Graduate student @ENMU: microbiologist by practice, epidemiologist at heart.",1948,211,1863,391,NA,"Alby",NA,FALSE,FALSE,"Zombie8mybrainz","New Mexico, USA","en",1107809928,8,FALSE,"http://pbs.twimg.com/profile_images/855565883502075904/HS_TaVOS_normal.jpg"
"Tracking and analyzing Zika, H1N1 and H3N2 swine flu, MERS-CoV, and Ebola",57618,1324,5,222,"http://t.co/YbBDeOeuIu","Henry L Niman PhD",NA,FALSE,FALSE,"hniman","Pittsburgh, PA USA","en",69657091,108,FALSE,"http://pbs.twimg.com/profile_images/1303713551/IMG_2253_normal.JPG"
"We are all about unbiased, accurate, scientifically proven information on Health and living. Check out our upcoming FREE! live-stream conference Feb 2018",8349,1525,352,1120,"https://t.co/UBBQUwV4U1","RealTruthAboutHealth",NA,FALSE,FALSE,"RTAHealth","New York, USA","en",1329084944,66,FALSE,"http://pbs.twimg.com/profile_images/954054349944012801/2ZCpHTGY_normal.jpg"
"An Englishman in the USA. Father. Husband too, apparently. Drug Dealer. West Ham frew an' frew. SirStoney on KUMB. I don’t eat at Taco Bell. Wankers.",35070,968,281,1408,NA,"Tyrone Stone™",NA,FALSE,FALSE,"BritInTheMitt","MI, USA","en",149181029,14,FALSE,"http://pbs.twimg.com/profile_images/943173922857652224/1FgXysXj_normal.jpg"
"Virtual Immunization Communication Network  |  Connecting health & communication professionals with IZ information  | http://t.co/nMIrb9uv7d",5792,1048,211,262,"http://t.co/dAdCnjC1Jr","VICNetwork",NA,FALSE,FALSE,"VICNetwork","USA","en",133923718,43,FALSE,"http://pbs.twimg.com/profile_images/853585824/Publication2_normal.jpg"
"Product Reviewer. Handmade vintage inspired hair fascinators, hair flowers, custom orders. #productreviewer #reviews #blogger",1809,3188,5,658,"http://t.co/baVp9APGqK","beevintagehoney",NA,FALSE,FALSE,"beevintagehoney","USA","en",17179266,34,FALSE,"http://pbs.twimg.com/profile_images/260892067/pink_miss_normal.jpg"
"Professor of Digital Media <ed><U+00A0><U+00BD><ed><U+00B4><U+00BC>Writer<ed><U+00A0><U+00BD><ed><U+00B4><U+00BC> Empowerment Speaker<ed><U+00A0><U+00BD><ed><U+00B4><U+00BC>Reality TV Junkie",120,32,122,124,"https://t.co/F7F04ZzOiT","DoctahSimmons",NA,FALSE,FALSE,"DoctahSimmons","South Carolina, USA","en",966916901262655488,0,FALSE,"http://pbs.twimg.com/profile_images/966921203158892544/68Qe9USy_normal.jpg"
"Germs are Groovy. Public Health Epidemiologist/ Communicable Disease Investigator. MS, MPH",2538,294,2095,780,"http://linkedin.com/in/lisamack72","Lisa Mack",NA,FALSE,FALSE,"lisaluvshoes","Voorhees NJ. USA","en",166604726,13,FALSE,"http://pbs.twimg.com/profile_images/950927154719678464/44CFkC2o_normal.jpg"
"“Two things are infinite: the universe and human stupidity; and I'm not sure about the universe.”  <U+2015> Albert Einstein #twd #TheXFiles,#AncientAliens #the100",45506,7696,39737,5007,NA,"Amy Kay Clinton",NA,FALSE,FALSE,"AmyClinton67","Gatlinburg, TN, USA","en",1431610430,229,FALSE,"http://pbs.twimg.com/profile_images/969288940015337472/qnMFWnuc_normal.jpg"
"",647,20,1,0,"https://t.co/2JA9wiQrbf","General Biotics, Inc",NA,FALSE,FALSE,"General_Biotics","California, USA","en",832348806922407936,3,FALSE,"http://pbs.twimg.com/profile_images/832378143654567936/HHeM0RDh_normal.jpg"
"Wife/Mother/Grandmother x15/Con/Gop/ take back the USA from the Liberal Progressive Loons #Trump45 #MAGA #StandUp https://t.co/AwWC3LVrnP #Benghazi",80295,9170,64293,9315,NA,"MaryEllenDwyer",NA,FALSE,FALSE,"DwyerEllen","New York, USA","en",1658157224,103,FALSE,"http://pbs.twimg.com/profile_images/676045121201250304/3oU-9vxW_normal.jpg"
"Anti-Aging Through Nutraceuticals",1738,558,207,921,"http://t.co/SfyhGQmywh","Dr. Murray's Online",NA,FALSE,FALSE,"DrMurraysOnline","USA","en",1673827434,24,FALSE,"http://pbs.twimg.com/profile_images/378800000534957679/e4118f24ec2fe2031dc4489f16fb5557_normal.jpeg"
"Special Education Teacher (Early Intervention). Disgusted by Drumpf, the GOP and their supporters. Trying to wake people up! #FBR #TheResistance #BlueWave",2317,2007,68443,2408,NA,"Melissa",NA,FALSE,FALSE,"MelissaL11754","New York, USA","en",827521330056671232,1,FALSE,"http://pbs.twimg.com/profile_images/918151913677475843/yIZjK_7w_normal.jpg"
"CEO of @Jet_AirWerks, @USNavy Veteran, #GoldStarFamily, Kansas State Senate Candidate (2X), Dad & PopPop to many. #HR1928 #S2430",5075,11219,3458,5548,"https://t.co/2GMed86ZUb","Keith Humphrey",NA,FALSE,TRUE,"Keith_Humphrey","Kansas USA","en",17602434,329,FALSE,"http://pbs.twimg.com/profile_images/926157426499321856/S5v2XwUb_normal.jpg"
"Public Servant <ed><U+00A0><U+00BD><ed><U+00B1><U+00A8><ed><U+00A0><U+00BC><ed><U+00BF><U+00BC><U+200D><ed><U+00A0><U+00BD><ed><U+00BA><U+0092> First Responder <ed><U+00A0><U+00BD><ed><U+00BA><U+0092>. The @memgrizz <ed><U+00A0><U+00BD><ed><U+00B0><U+00BB><ed><U+00A0><U+00BC><ed><U+00BF><U+0080> are <ed><U+00A0><U+00BD><ed><U+00B2><U+00AF>.",45105,2261,77844,3858,"https://t.co/ALuJYpbtiT","DeWayne Rose",NA,FALSE,FALSE,"ChiefRose19","Marion, AR, USA","en",1534321752,77,FALSE,"http://pbs.twimg.com/profile_images/970472420661448704/n6gWdu_m_normal.jpg"
"One of America's leading health care providers & not-for-profit health plans. Tweets <U+2260> medical advice. Kaiser Foundation Health Plan of Washington.",8816,6832,2492,1236,"https://t.co/mbzTVcDUzU","Kaiser Permanente WA",NA,FALSE,FALSE,"kpwashington","Washington, USA","en",25168788,324,FALSE,"http://pbs.twimg.com/profile_images/838617874264514561/CESu09Pa_normal.jpg"
"Graduado en la Facultad de Derecho de la Universidad de la Habana, Cuba.",5588,64,99,33,NA,"Felipe",NA,FALSE,FALSE,"2704felipe_1","Florida, USA","es",4759791753,7,FALSE,"http://pbs.twimg.com/profile_images/762419568044224513/cz8F-ut6_normal.jpg"
"RN School Nurse",2545,705,4484,375,NA,"Sheila Caldwell",NA,FALSE,FALSE,"SCaldwell7201","New Jersey, USA","en",3341906981,23,FALSE,"http://pbs.twimg.com/profile_images/814680872167190529/WcSB1Aai_normal.jpg"
"Largest not-for-profit health care system in Texas. <U+200B><U+200B><U+200B><U+200B><U+200B><U+200B><U+200B><U+200B><U+200B>Inpatient, outpatient, rehab & emergency services in 48 hospitals & 1000+ patient access points",4704,3524,2504,135,"https://t.co/v9mMDtjZhX","Baylor Scott & White",NA,FALSE,FALSE,"bswhealth","Texas, USA","en",3794863392,140,FALSE,"http://pbs.twimg.com/profile_images/684818494689525760/TpqVHaBc_normal.png"
"Vintage handbags seller",48621,585,11506,391,"https://t.co/pYW5L5bfu1","wanda",NA,FALSE,FALSE,"wandaviswa","Florida, USA","en",3817084823,1080,FALSE,"http://pbs.twimg.com/profile_images/935475699674157057/YwGRSVUX_normal.jpg"
"Groundbreaking Oral Health Product. Disposable toothbrush shield. 99.9% proven barrier against bacteria.

Facebook: https://t.co/gM8xFgnQGP",3009,4473,4648,4850,"http://t.co/jWiCBDGmDc","IntelliDent",NA,FALSE,FALSE,"IntelliDent1","Made in the USA","en",1702867363,83,FALSE,"http://pbs.twimg.com/profile_images/671131365606359040/8nsB43Tf_normal.jpg"
"SSE Mid-Atlantic / Enterprise @ Nutanix. | Dad. Husband. Blockchain enthusiast. OSS Advocate. Skydiver. Culinary Adventurer. Views are my own.",683,341,308,655,"http://t.co/Yv8HawUTZL","Paul Peeler",NA,FALSE,FALSE,"paulpeeler","Charlotte, NC - USA","en",26017336,47,FALSE,"http://pbs.twimg.com/profile_images/459329458151772160/vtINyo0Z_normal.jpeg"
"Dental Continuing Education Services",295,76,370,206,NA,"Hygienewize",NA,FALSE,FALSE,"hygienewize","California, USA","en",872319460761382912,0,FALSE,"http://pbs.twimg.com/profile_images/872470354601549824/o4FF59Pm_normal.jpg"
"I am grateful for what God has given me in life. I enjoy reading Tweets about Gratitude. Please keep sharing!",112659,2441,5984,10,NA,"Gratitude",NA,FALSE,FALSE,"GratBot","Arizona, USA","en",759390438843256832,996,FALSE,"http://pbs.twimg.com/profile_images/926236646235717632/l0CToTYl_normal.jpg"
"I am grateful for what God has given me in life. I enjoy reading Tweets about Gratitude. Please keep sharing!",112659,2441,5984,10,NA,"Gratitude",NA,FALSE,FALSE,"GratBot","Arizona, USA","en",759390438843256832,996,FALSE,"http://pbs.twimg.com/profile_images/926236646235717632/l0CToTYl_normal.jpg"
"PRO-USA/VETS, Anti-Collectivism, Original Content, News, Biting Sarcasm, RTs, and Relevant Images. Concerned Father/Husband/Patriot!  #MAGA! #USA! #GOD! & <ed><U+00A0><U+00BC><ed><U+00B7><U+00BA><ed><U+00A0><U+00BC><ed><U+00B7><U+00B8>",19210,995,11849,34,"https://t.co/TjkWV3diAH","Patriot Swag",NA,FALSE,FALSE,"Sheepdog4USA","New York, USA","en",3819657628,35,FALSE,"http://pbs.twimg.com/profile_images/649027891557212160/rzfC31gO_normal.jpg"
"<ed><U+00A0><U+00BC><ed><U+00BE><U+0080>Michigan based Youtuber and blogger<ed><U+00A0><U+00BC><ed><U+00BE><U+0080>",5446,273,1566,265,"https://t.co/xHPTP8Uu0w","Sélah",NA,FALSE,FALSE,"selahhhhhhh","Michigan, USA","en",2670702439,3,FALSE,"http://pbs.twimg.com/profile_images/941077546938044416/z5ZKsZjB_normal.jpg"
"News World News",154,124,2,1004,NA,"WNews",NA,FALSE,FALSE,"WNewsorg","New York, USA","en",938876793213325312,0,FALSE,"http://pbs.twimg.com/profile_images/938892162430918656/4gjd18B2_normal.jpg"
"News World News",154,124,2,1004,NA,"WNews",NA,FALSE,FALSE,"WNewsorg","New York, USA","en",938876793213325312,0,FALSE,"http://pbs.twimg.com/profile_images/938892162430918656/4gjd18B2_normal.jpg"
"We're a travel library for people curious about the world! Love food, coffee, deep culture, and meeting new friends. #WHTravelBloggers #StudyAbroadBecause",137159,23849,1931,17557,"http://t.co/zQUJhARndC","Wandering Educators",NA,FALSE,FALSE,"WanderingEds","USA","en",26006577,1290,FALSE,"http://pbs.twimg.com/profile_images/112642200/Final_WE_jpeg_Logo-_3__normal.jpg"
"just a regular guy but for supporters of identity politics my demographic would be “deplorable, bitter clinger “. but I’m really not bitter.",10579,863,23657,1879,NA,"John Tidwell",NA,FALSE,FALSE,"johjhg","Louisiana, USA","en",1864823586,2,FALSE,"http://pbs.twimg.com/profile_images/947192740441444354/jnmpAFmF_normal.jpg"
"#Conservative Catholic,<ed><U+00A0><U+00BD><ed><U+00B2><U+0092> mom, grandmom, wife. Riding the #MAGA TRAIN <ed><U+00A0><U+00BD><ed><U+00BA><U+0082> Politics, Reading and Great Books #BuildTheWall #TrumpTrain #BackTheBlue <ed><U+00A0><U+00BD><ed><U+00BA><U+00AB> SHARIA LAW",20328,2216,33235,2318,NA,"Nightowl",NA,FALSE,FALSE,"nightOwlbookLvr","Pennsylvania, USA","en",895520196382863360,2,FALSE,"http://pbs.twimg.com/profile_images/962106841567252482/N39hfvFJ_normal.jpg"
"Retired, Conservative, Househusband, Information Junkie Followed by Gen. Flynn: Leslie Marshall: Emerald Robinson OANN:",76817,2127,5154,4201,NA,"Rddock",NA,FALSE,FALSE,"iamshort2015","South Carolina, USA","en",783014727903481856,75,FALSE,"http://pbs.twimg.com/profile_images/783128856400191489/NoKKSamo_normal.jpg"
"",766,13,474,41,NA,"Jay Pellegrino",NA,FALSE,FALSE,"JayPellegrino76","New Jersey, USA","en",976380024,0,FALSE,"http://pbs.twimg.com/profile_images/837469355717840896/wnAekEfK_normal.jpg"
"",7179,3042,35694,2597,NA,"DD",NA,FALSE,FALSE,"2050CyberSpace","USA","en",3403327349,4,FALSE,"http://pbs.twimg.com/profile_images/970577052956069888/eXZEfIwp_normal.jpg"
"Christian<U+271D><U+FE0F><ed><U+00A0><U+00BC><ed><U+00BF><U+009D><U+FE0F>Mom<ed><U+00A0><U+00BD><ed><U+00B2><U+009E>Conservative<ed><U+00A0><U+00BC><ed><U+00BF><U+0096><U+FE0F> Wife #MAGA<ed><U+00A0><U+00BD><ed><U+00B1><U+0093>#1A support #2A  @DineshDSouza @GenFlynn @WayneDupreeShow @mitchellvii @Scaramucci",152915,6290,77018,6450,NA,"2nd REVOLUTION",NA,FALSE,FALSE,"AmericaCongress","USA","en",2310760531,91,FALSE,"http://pbs.twimg.com/profile_images/970554311875887104/iqsonHzk_normal.jpg"
"<ed><U+00A0><U+00BC><ed><U+00B7><U+00BA><ed><U+00A0><U+00BC><ed><U+00B7><U+00B8>God,Family,Country<ed><U+00A0><U+00BC><ed><U+00B7><U+00BA><ed><U+00A0><U+00BC><ed><U+00B7><U+00B8>Proud supporter of @realdonaldtrump #IStandwIsrael <ed><U+00A0><U+00BC><ed><U+00B7><U+00AE><ed><U+00A0><U+00BC><ed><U+00B7><U+00B1> FB @Scaramucci @OliverMcGee. #UraniumOne #Obamagate #Hillarydossier #soon",4890,1496,15793,1638,NA,"Arthur Puccini",NA,FALSE,FALSE,"Excalibur0707","New Mexico, USA","en",315323692,2,FALSE,"http://pbs.twimg.com/profile_images/904172675374841856/jiHeR0y1_normal.jpg"
"Bucket list goal: Volcano wedding. <ed><U+00A0><U+00BC><ed><U+00BC><U+008B><ed><U+00A0><U+00BD><ed><U+00B1><U+00B0> #music, #bookreviews #blog #musicreviews #comicbooks #bucketlist",21619,2668,6608,3392,"https://t.co/kdgkLAfnN0","Chasing Destino",NA,FALSE,FALSE,"evadiva0516","Ohio, USA","en",940383367,220,FALSE,"http://pbs.twimg.com/profile_images/959100689615028226/7a0huP9B_normal.jpg"
"God & country <ed><U+00A0><U+00BD><ed><U+00B5><U+00AF><U+2728><ed><U+00A0><U+00BD><ed><U+00B2><U+0097><U+271D>",542,84,881,58,NA,"Beth",NA,FALSE,FALSE,"div_ini_ty","California, USA","en",805443949011701760,0,FALSE,"http://pbs.twimg.com/profile_images/840591499544817665/8s_uYL1o_normal.jpg"
"We are two high school students expanding our taste buds by trying new and exotics foods in culturally diverse, Southern California.",196,158,42,162,"https://t.co/ra2da5784d","Foo D Finders",NA,FALSE,FALSE,"FooFinders","California, USA","en",905635379641966592,1,FALSE,"http://pbs.twimg.com/profile_images/908876811362115584/5RjcOono_normal.jpg"
"Just here to ask some questions.",21465,319,27067,1005,NA,"Cory Kemp",NA,FALSE,FALSE,"PertinentQs","Washington, USA","en",775831150686113792,9,FALSE,"http://pbs.twimg.com/profile_images/775835899741417473/_6j7YsQ-_normal.jpg"
"Married 2 Lopaka<U+2764>kids & g-ma 2-9 little ladies
Author: The Monster in Lulus Head
Protect our National Forests or lose them 
Trump? Uhg. I can't.
US News #resist",1707,478,11287,590,NA,"Lopakalulu",NA,FALSE,FALSE,"GuesLori","Utah, USA","en",837478531911180288,0,FALSE,"http://pbs.twimg.com/profile_images/937689667968778240/r6mle3bq_normal.jpg"
"Grateful Mom, Wife, Lifestyle + Travel Blogger, Brand Ambassador & the voice behind Mommy Snippets: #Parenting, #Lifestyle, #Faith, #Travel, #Food #SouthTexas",29571,19628,761,11903,"https://t.co/zNbQVKr1fI","Marina John",NA,FALSE,FALSE,"mommysnippets","Texas, USA","en",26589876,520,FALSE,"http://pbs.twimg.com/profile_images/763136204682301440/z01mR-KL_normal.jpg"
"Slightly mental.",1435,11,572,157,NA,"delayogame",NA,FALSE,FALSE,"delayOgame","USA","en",864625531332853760,0,FALSE,"http://pbs.twimg.com/profile_images/864632363887640576/P4uoF1CI_normal.jpg"
"#CHRISTIAN,Husband Air Force #Vet,1 SUPER SON, #PATRIOT, 70's girl<ed><U+00A0><U+00BC><ed><U+00BC><U+00BA>SUBSTITUTE<ed><U+00A0><U+00BD><ed><U+00B3><U+009D>#DEPLORABLES<ed><U+00A0><U+00BD><ed><U+00B2><U+00AF>#MAGA <ed><U+00A0><U+00BC><ed><U+00B7><U+00BA><ed><U+00A0><U+00BC><ed><U+00B7><U+00B8>#CCOT #CONSERVATIVE, #TrumpSupporter #NRA",32695,8248,36086,8018,NA,"Susan Stagner",NA,FALSE,FALSE,"Childlikefaaith","Texas, USA","en",46806111,22,FALSE,"http://pbs.twimg.com/profile_images/925008075408461824/d0-5Ugkh_normal.jpg"
"",7,0,12,7,NA,"Korynn",NA,FALSE,FALSE,"Korynn13","Ohio, USA","en",951650215471218688,0,FALSE,"http://pbs.twimg.com/profile_images/951651014347821058/a-OZX5jh_normal.jpg"
"Twitch and Beam Broadcaster",2241,88,1438,91,"https://t.co/8j4beOS6k0","<ed><U+00A0><U+00BC><ed><U+00BE><U+00AE>Murphy<ed><U+00A0><U+00BC><ed><U+00BE><U+00AE>",NA,FALSE,FALSE,"ProdigalGamer64","Ohio, USA","en",388875992,4,FALSE,"http://pbs.twimg.com/profile_images/958788050984820736/h5u5PX4Z_normal.jpg"
"#ThisIsNotNormal",30256,1350,68455,2038,NA,"Marcie Nelson",NA,FALSE,FALSE,"MNellie555","Salt Lake City, UT, USA","en",531384330,27,FALSE,"http://pbs.twimg.com/profile_images/910707033548005381/iuGrLLRX_normal.jpg"
"New up and coming multi-genre author.Tempted is a combination of spy adventure combined with romance creating a hot and steamy new read for Christmas of 2019.",54,40,2,103,"https://t.co/QWwJltTxNS","Author J.F. Thurston",NA,FALSE,FALSE,"JFThurston","New York, USA","en",971243863338901504,0,FALSE,"http://pbs.twimg.com/profile_images/971246355703390212/AQREwL7q_normal.jpg"
"<U+270C><U+FE0F><U+270C> #TeamATeam",166967,752,21849,331,NA,"Austin Troy Bolton",NA,FALSE,FALSE,"slick0501","Rhode Island, USA","en",2458590076,59,FALSE,"http://pbs.twimg.com/profile_images/952573283114897409/Dg0uWb1b_normal.jpg"
"God, Family and Country loving. Legal immigrant and Proud American <ed><U+00A0><U+00BC><ed><U+00B7><U+00BA><ed><U+00A0><U+00BC><ed><U+00B7><U+00B8>
Libertarian Conservative. <U+039C><U+039F><U+039B>O<U+039D> <U+039B><U+0391><U+0392><U+0395>  #MAGA",4824,735,20258,920,NA,"AlwaysRight <ed><U+00A0><U+00BE><ed><U+00B6><U+008B>",NA,FALSE,FALSE,"SharonC86934855","Florida, USA ","en",833326859643412480,0,FALSE,"http://pbs.twimg.com/profile_images/858021247531315200/ZkwqYK6v_normal.jpg"
"64 year old retired businessman dog lover bass guitar drummer keyboard vocalist  love 60s /70s music avid motorcyclist classic cars #Resistance #FBR",36684,2194,29072,2837,NA,"304 IWIN #RESIST",NA,FALSE,FALSE,"benCunn08101304","SHITHOLE USA","en",4871858145,20,FALSE,"http://pbs.twimg.com/profile_images/903066699305541632/DL6EQYhP_normal.jpg"
"I love my kids, music, and food. I like to think I am intelligent but rely on spell check quite a bit. Can't figure out why people have to be so stupid.",10241,222,9067,140,NA,"Aaron D Bailey",NA,FALSE,FALSE,"AaronDBailey3","West Side USA","en",822708522982981632,0,FALSE,"http://pbs.twimg.com/profile_images/822722359584952321/SpFBmHUs_normal.jpg"
"",5308,232,8509,255,NA,"AmericanPatriot",NA,FALSE,FALSE,"matterberry1","California, USA","en",2836016132,2,FALSE,"http://abs.twimg.com/sticky/default_profile_images/default_profile_normal.png"
"FOLLOW MY ACCOUNT: @SWAYGUEVARA #NRA #qanon #HRCVideo #InternetBillOfRights BLOCKED BY @ThomasWictor Cuz I Corrected Him On COVFEFE + @ROSIE SHE HATES MEMES!",71810,22188,37791,24420,"https://t.co/uB9S2duwdB","NANCY PEPLOSI HAS SEX WITH CUSTODIANS?",NA,FALSE,FALSE,"THEREALMRSAZON","Florida, USA","en",392551055,53,FALSE,"http://pbs.twimg.com/profile_images/971798974674939905/IO-B8FkL_normal.jpg"
"Always Be Ur self <U+2665>_<U+2665> <U+2665> <U+2605> Love my family and friends <U+2764><U+FE0F><U+2764><U+FE0F><U+2764><U+FE0F><U+2764><U+FE0F><U+2764><U+FE0F><U+263A><U+FE0F><U+263A><U+FE0F><U+263A><U+FE0F>",73717,866,62881,1110,NA,"Celena ayman",NA,FALSE,FALSE,"Cece_amazing","Ohio, USA /Jordan","en",1186576326,78,FALSE,"http://pbs.twimg.com/profile_images/780777177256169472/go2_SjdU_normal.jpg"
"I strive for progress not perfection <ed><U+00A0><U+00BD><ed><U+00B1><U+00BB> antwon_13 <ed><U+00A0><U+00BC><ed><U+00BF><U+00B3><U+FE0F><U+200D><ed><U+00A0><U+00BC><ed><U+00BC><U+0088>",210,56,300,288,NA,"<ed><U+00A0><U+00BC><ed><U+00B5><U+00B0><U+FE0F>nt<ed><U+00A0><U+00BC><ed><U+00B5><U+00BE><U+FE0F>n<U+2139><U+FE0F><ed><U+00A0><U+00BC><ed><U+00B5><U+00BE><U+FE0F> R<ed><U+00A0><U+00BC><ed><U+00B5><U+00BE><U+FE0F>dr<U+2139><U+FE0F>guez",NA,FALSE,FALSE,"rodriguez_2187","Texas, USA","en",941153963616980992,0,FALSE,"http://pbs.twimg.com/profile_images/958797489708158976/PNhwBnB9_normal.jpg"
"DOP - Director - Producer & Overseas Film Distributors",10219,625,2308,326,"https://t.co/MfpultNhi0","M.M. ChandraMouli",NA,FALSE,FALSE,"mmchandramouli","USA & INDIA","en",864712345494237184,0,FALSE,"http://pbs.twimg.com/profile_images/864717366218768384/fvo8EQGF_normal.jpg"
"Singer /Songwriter. I truly believe in dreaming big, and accomplishing your goals . my new song “Dim The Lights” is out everywhere!",2866,557,297,1108,"https://t.co/MiRd2dSWDB","SajtheArtist",NA,FALSE,FALSE,"sajtheartist","Virginia, USA","en",194665124,0,FALSE,"http://pbs.twimg.com/profile_images/970178483380015104/tRpNRUom_normal.jpg"
"Printmaker, Drawer, and Writer",102,81,145,207,NA,"Benjamin Janssen",NA,FALSE,FALSE,"MuscularMenace","Illinois, USA","en",2834299853,1,FALSE,"http://pbs.twimg.com/profile_images/913950533077094400/-Z5o9hXG_normal.jpg"
"She is clothed with strength and dignity, and she laughs without fear of the future<U+2728> Proverbs 31:25.",5812,380,16936,1148,NA,"Teira Hill",NA,FALSE,FALSE,"teiramarkese","Louisiana, USA","en",851576684,0,FALSE,"http://pbs.twimg.com/profile_images/971259152570961921/DpciH2mp_normal.jpg"
"create kindness wherever you can, admire those who do the same and yeah, make cool ass jewelry, #RESIST https://t.co/MiE6fSsszW",32790,5807,36546,5534,NA,"Stolen Sceptre",NA,FALSE,FALSE,"StolenSceptre","USA, midwest  ","en",2619258624,74,FALSE,"http://pbs.twimg.com/profile_images/823466622207729664/FknLNTEt_normal.jpg"
"PSN,Worker, Anime, Dream Girlfriend",53,8,14,23,NA,"Donna J Zeigler",NA,FALSE,FALSE,"DonnaJZeigler1","Pennsylvania, USA","en",970819172237303808,0,FALSE,"http://pbs.twimg.com/profile_images/971349305083748354/Y0YDWLx5_normal.jpg"
"I write books that entertain & inspire-27 in total. Grab a copy of my latest, Breathe Again, today! https://t.co/2u3mcH3pGy",48415,3893,2684,3639,"https://t.co/chV9ATvxQe","Adrienne Thompson",NA,FALSE,FALSE,"A_H_Thompson","Arkansas, USA","en",81578123,281,FALSE,"http://pbs.twimg.com/profile_images/378800000674373644/1825c71235c00e2fee688d8456a13de3_normal.jpeg"
"Christian, Husband 46 years now, Dad & GrandDad, Conservative Independent, Army Vet, Retired, Stand Up Patriot's! 2 Cor.5:7",15134,4468,13748,4939,NA,"American Optimist",NA,FALSE,FALSE,"dls58","North Carolina, USA","en",135544698,13,FALSE,"http://pbs.twimg.com/profile_images/718674368469934081/F1oqbnZ4_normal.png"
"Observations on the state of the nation, from a location somewhere on Main Street.",90784,1427,7650,2921,NA,"Main Street Muse",NA,FALSE,FALSE,"MainStreetMuse","Main Street, USA","en",179785566,81,FALSE,"http://pbs.twimg.com/profile_images/2948972006/f248507d326423561e2df5e89afc7cff_normal.jpeg"
"Suzi/21/She/Artist/College Student/Bi/Loves Super Mario,Sonic the Hedgehog,any Popular Video Games I'm Interested/Gothic/<ed><U+00A0><U+00BC><ed><U+00B7><U+00B2><ed><U+00A0><U+00BC><ed><U+00B7><U+00BD>Mexican American<ed><U+00A0><U+00BC><ed><U+00B7><U+00BA><ed><U+00A0><U+00BC><ed><U+00B7><U+00B8>/Aquarius<U+2652><U+FE0F>",7353,75,11917,232,"https://t.co/EfSVnj9J6e","I’m Dead Inside",NA,FALSE,FALSE,"Suzikirby89","New York, USA","en",845450367169126400,1,FALSE,"http://pbs.twimg.com/profile_images/943921507876659201/rQZVuUM4_normal.jpg"
"",249,39,5,24,NA,"Ivana",NA,FALSE,FALSE,"ivana0526","Florida, USA","en",934914542253019136,0,FALSE,"http://pbs.twimg.com/profile_images/934922073813737472/qniZ_P4z_normal.jpg"
"<ed><U+00A0><U+00BC><ed><U+00B7><U+00BA><ed><U+00A0><U+00BC><ed><U+00B7><U+00B8>American Patriot, Wife & Mother<U+2764><U+FE0F>God, Country, History, Antiques, animals <ed><U+00A0><U+00BD><ed><U+00B0><U+00B6><ed><U+00A0><U+00BD><ed><U+00B0><U+00BE>
#GreatAwakening #WeThePeople
#ForGodAndCountry #MAGA #Q",756,202,2156,281,NA,"ChoiceFathom",NA,FALSE,FALSE,"ChoiceFathom","California, USA","en",3885047233,0,FALSE,"http://pbs.twimg.com/profile_images/956652076846608384/6PSLjFn1_normal.jpg"
"Senior, 68, Wife, God-mom, Friend, Entrepreneur, Independent, Camper, Hiker, Writer, Reader, Hunter, free thinker, child spoiler",9966,300,9698,520,NA,"Didi",NA,FALSE,FALSE,"nbkdsm2","Colorado, USA","en",810989301714534400,3,FALSE,"http://pbs.twimg.com/profile_images/936449179164876800/M3-j9qBc_normal.jpg"
"yea, dat way",21056,754,11235,431,"https://t.co/NYLt4r3OHy","kelso<U+264D>",NA,FALSE,FALSE,"lucy_seuss","Maryland, USA","en",1523804059,7,FALSE,"http://pbs.twimg.com/profile_images/968952996221595648/o2smaJze_normal.jpg"
"Just a Vet trying to bring FREE mobile healthcare screenings to Veterans, homeless, Nat. Amer. the poor, anyone that cant afford it. It's everyones right!!",73806,6064,53155,6647,NA,"Dennis B",NA,FALSE,FALSE,"CHCmobile","New York,and San Antonio USA","en",2920868647,27,FALSE,"http://pbs.twimg.com/profile_images/543179728320860160/zA6XQT0w_normal.jpeg"
